country,year,hiv_deaths,doctors_per_1000,number_of_doctors
Afghanistan,1990,60.0,0.109,109.0
Angola,1990,600.0,0.042,42.0
Argentina,1990,3000.0,2.68,2680.0
Armenia,1990,60.0,,
Australia,1990,350.0,2.17,2170.0
Austria,1990,60.0,3.01,3010.0
Azerbaijan,1990,60.0,3.7,3700.0
Burundi,1990,3900.0,0.058,58.0
Belgium,1990,60.0,3.27,3270.0
Benin,1990,120.0,0.051,51.0
Burkina Faso,1990,6700.0,,
Bangladesh,1990,60.0,0.177,177.0
Bulgaria,1990,60.0,3.25,3250.0
Bahamas,1990,350.0,1.29,1290.0
Belarus,1990,60.0,2.91,2910.0
Belize,1990,60.0,0.639,639.0
Bolivia,1990,1500.0,0.45,450.0
Brazil,1990,4600.0,1.07,1070.0
Barbados,1990,60.0,1.14,1140.0
Bhutan,1990,60.0,0.333,333.0
Botswana,1990,600.0,,
Central African Republic,1990,1000.0,0.038,38.0
Canada,1990,1300.0,2.1,2100.0
Switzerland,1990,150.0,2.98,2980.0
China,1990,,1.13,1130.0
Cote d'Ivoire,1990,3900.0,0.088,88.0
Cameroon,1990,600.0,0.082,82.0
"Congo, Rep.",1990,3000.0,0.276,276.0
Colombia,1990,1100.0,0.803,803.0
Comoros,1990,60.0,0.113,113.0
Costa Rica,1990,60.0,1.26,1260.0
Cuba,1990,60.0,3.64,3640.0
Czech Republic,1990,60.0,2.72,2720.0
Germany,1990,2500.0,,
Djibouti,1990,60.0,0.162,162.0
Denmark,1990,60.0,2.49,2490.0
Dominican Republic,1990,350.0,1.49,1490.0
Algeria,1990,60.0,0.942,942.0
Ecuador,1990,600.0,0.936,936.0
Egypt,1990,60.0,0.76,760.0
Eritrea,1990,120.0,,
Spain,1990,3000.0,2.05,2050.0
Estonia,1990,60.0,3.5,3500.0
Finland,1990,60.0,2.9,2900.0
Fiji,1990,60.0,,
France,1990,8100.0,3.12,3120.0
Gabon,1990,120.0,,
UK,1990,600.0,1.62,1620.0
Georgia,1990,60.0,4.93,4930.0
Ghana,1990,600.0,,
Guinea,1990,1100.0,0.134,134.0
Gambia,1990,60.0,,
Guinea-Bissau,1990,60.0,,
Equatorial Guinea,1990,60.0,0.281,281.0
Greece,1990,150.0,3.33,3330.0
Guatemala,1990,350.0,0.78,780.0
Guyana,1990,150.0,0.17,170.0
Honduras,1990,600.0,0.7,700.0
Croatia,1990,60.0,2.91,2910.0
Haiti,1990,3900.0,0.08,80.0
Hungary,1990,350.0,2.94,2940.0
Indonesia,1990,60.0,0.144,144.0
India,1990,5300.0,,
Ireland,1990,60.0,1.56,1560.0
Iran,1990,150.0,,
Iceland,1990,60.0,2.85,2850.0
Israel,1990,60.0,2.99,2990.0
Italy,1990,1600.0,4.7,4700.0
Jamaica,1990,350.0,0.57,570.0
Japan,1990,350.0,1.65,1650.0
Kazakhstan,1990,60.0,3.93,3930.0
Kenya,1990,10.0,,
Kyrgyz Republic,1990,60.0,3.42,3420.0
Cambodia,1990,350.0,,
South Korea,1990,150.0,0.811,811.0
Lao,1990,60.0,0.234,234.0
Lebanon,1990,60.0,,
Liberia,1990,60.0,,
Sri Lanka,1990,60.0,,
Lesotho,1990,60.0,0.043,43.0
Lithuania,1990,60.0,3.91,3910.0
Luxembourg,1990,60.0,2.01,2009.9999999999998
Latvia,1990,60.0,3.51,3510.0
Morocco,1990,120.0,,
Moldova,1990,60.0,3.46,3460.0
Madagascar,1990,600.0,0.12,120.0
Maldives,1990,60.0,0.07,70.0
Mexico,1990,4800.0,1.0,1000.0
Mali,1990,300.0,0.051,51.0
Malta,1990,60.0,2.19,2190.0
Myanmar,1990,350.0,0.078,78.0
Mongolia,1990,60.0,2.54,2540.0
Mozambique,1990,2200.0,0.012,12.0
Mauritania,1990,350.0,0.063,63.0
Mauritius,1990,60.0,0.811,811.0
Malawi,1990,14.0,0.022,22.0
Malaysia,1990,60.0,0.392,392.0
Namibia,1990,350.0,,
Niger,1990,600.0,0.018,18.0
Nigeria,1990,4400.0,,
Nicaragua,1990,60.0,0.657,657.0
Netherlands,1990,150.0,2.51,2510.0
Norway,1990,60.0,,
Nepal,1990,600.0,0.051,51.0
New Zealand,1990,60.0,1.87,1870.0
Oman,1990,60.0,0.799,799.0
Pakistan,1990,60.0,0.462,462.0
Panama,1990,350.0,1.12,1120.0
Peru,1990,1100.0,1.06,1060.0
Philippines,1990,60.0,0.119,119.0
Papua New Guinea,1990,60.0,0.073,73.0
Poland,1990,150.0,2.15,2150.0
Portugal,1990,150.0,2.8,2800.0
Qatar,1990,60.0,1.5,1500.0
Romania,1990,60.0,1.8,1800.0
Rwanda,1990,14.0,,
Sudan,1990,350.0,,
Senegal,1990,350.0,0.055,55.0
Singapore,1990,60.0,1.27,1270.0
Sierra Leone,1990,60.0,,
El Salvador,1990,150.0,0.84,840.0
Somalia,1990,600.0,,
Serbia,1990,350.0,,
South Sudan,1990,,,
Sao Tome and Principe,1990,60.0,0.53,530.0
Suriname,1990,60.0,0.75,750.0
Slovak Republic,1990,60.0,,
Slovenia,1990,60.0,2.07,2070.0
Sweden,1990,60.0,3.25,3250.0
Eswatini,1990,350.0,0.108,108.0
Chad,1990,1400.0,,
Togo,1990,300.0,,
Thailand,1990,1100.0,0.225,225.0
Tajikistan,1990,60.0,2.5,2500.0
Trinidad and Tobago,1990,60.0,0.72,720.0
Tunisia,1990,60.0,0.524,524.0
Turkey,1990,60.0,0.932,932.0
Tanzania,1990,22.0,,
Uganda,1990,85.0,,
Ukraine,1990,60.0,4.29,4290.0
Uruguay,1990,60.0,3.68,3680.0
USA,1990,32.0,1.8,1800.0
Uzbekistan,1990,60.0,3.36,3360.0
Venezuela,1990,1100.0,1.56,1560.0
Vietnam,1990,300.0,0.404,404.0
Yemen,1990,60.0,0.007,7.0
South Africa,1990,2200.0,,
Zambia,1990,23.0,0.092,92.0
Zimbabwe,1990,23.0,0.131,131.0
Afghanistan,1991,60.0,,
Angola,1991,1200.0,,
Argentina,1991,3200.0,,
Armenia,1991,60.0,,
Australia,1991,600.0,2.34,2340.0
Austria,1991,60.0,3.09,3090.0
Azerbaijan,1991,60.0,3.73,3730.0
Burundi,1991,4900.0,0.059,59.0
Belgium,1991,60.0,3.33,3330.0
Benin,1991,300.0,0.042,42.0
Burkina Faso,1991,8500.0,,
Bangladesh,1991,60.0,0.188,188.0
Bulgaria,1991,60.0,3.07,3070.0
Bahamas,1991,350.0,,
Belarus,1991,60.0,2.9,2900.0
Belize,1991,60.0,,
Bolivia,1991,1700.0,,
Brazil,1991,5700.0,,
Barbados,1991,60.0,,
Bhutan,1991,60.0,,
Botswana,1991,600.0,,
Central African Republic,1991,1600.0,,
Canada,1991,1600.0,2.1,2100.0
Switzerland,1991,350.0,3.03,3030.0
China,1991,,,
Cote d'Ivoire,1991,5800.0,,
Cameroon,1991,1300.0,,
"Congo, Rep.",1991,3600.0,,
Colombia,1991,1500.0,0.859,859.0
Comoros,1991,60.0,,
Costa Rica,1991,60.0,,
Cuba,1991,60.0,3.98,3980.0
Czech Republic,1991,60.0,2.68,2680.0
Germany,1991,2800.0,2.76,2760.0
Djibouti,1991,120.0,,
Denmark,1991,60.0,2.43,2430.0
Dominican Republic,1991,600.0,,
Algeria,1991,60.0,,
Ecuador,1991,600.0,1.14,1140.0
Egypt,1991,60.0,,
Eritrea,1991,120.0,,
Spain,1991,3500.0,3.93,3930.0
Estonia,1991,60.0,3.53,3530.0
Finland,1991,60.0,2.98,2980.0
Fiji,1991,60.0,,
France,1991,8200.0,3.17,3170.0
Gabon,1991,120.0,0.187,187.0
UK,1991,1100.0,1.63,1630.0
Georgia,1991,60.0,4.9,4900.0
Ghana,1991,600.0,,
Guinea,1991,1600.0,,
Gambia,1991,60.0,,
Guinea-Bissau,1991,60.0,,
Equatorial Guinea,1991,60.0,,
Greece,1991,350.0,3.58,3580.0
Guatemala,1991,350.0,,
Guyana,1991,150.0,,
Honduras,1991,1100.0,0.411,411.0
Croatia,1991,60.0,2.63,2630.0
Haiti,1991,5000.0,,
Hungary,1991,350.0,3.03,3030.0
Indonesia,1991,60.0,0.148,148.0
India,1991,8000.0,1.22,1220.0
Ireland,1991,60.0,1.71,1710.0
Iran,1991,150.0,,
Iceland,1991,60.0,2.85,2850.0
Israel,1991,60.0,3.19,3190.0
Italy,1991,2500.0,4.87,4870.0
Jamaica,1991,350.0,,
Japan,1991,350.0,,
Kazakhstan,1991,60.0,3.8,3800.0
Kenya,1991,16.0,,
Kyrgyz Republic,1991,60.0,3.45,3450.0
Cambodia,1991,600.0,,
South Korea,1991,150.0,0.875,875.0
Lao,1991,60.0,,
Lebanon,1991,60.0,1.33,1330.0
Liberia,1991,60.0,,
Sri Lanka,1991,60.0,0.14,140.0
Lesotho,1991,120.0,,
Lithuania,1991,60.0,3.81,3810.0
Luxembourg,1991,60.0,2.02,2020.0
Latvia,1991,60.0,3.57,3570.0
Morocco,1991,120.0,,
Moldova,1991,60.0,3.38,3380.0
Madagascar,1991,1000.0,,
Maldives,1991,60.0,0.19,190.0
Mexico,1991,5300.0,1.19,1190.0
Mali,1991,600.0,,
Malta,1991,60.0,2.37,2370.0
Myanmar,1991,350.0,,
Mongolia,1991,60.0,2.69,2690.0
Mozambique,1991,3200.0,,
Mauritania,1991,350.0,,
Mauritius,1991,60.0,0.835,835.0
Malawi,1991,18.0,,
Malaysia,1991,120.0,0.393,393.0
Namibia,1991,600.0,0.231,231.0
Niger,1991,600.0,,
Nigeria,1991,7600.0,,
Nicaragua,1991,60.0,,
Netherlands,1991,150.0,2.6,2600.0
Norway,1991,60.0,2.6,2600.0
Nepal,1991,600.0,0.062,62.0
New Zealand,1991,60.0,1.89,1890.0
Oman,1991,60.0,,
Pakistan,1991,60.0,0.48,480.0
Panama,1991,350.0,1.13,1130.0
Peru,1991,1300.0,,
Philippines,1991,60.0,,
Papua New Guinea,1991,150.0,,
Poland,1991,150.0,2.17,2170.0
Portugal,1991,150.0,2.84,2840.0
Qatar,1991,60.0,,
Romania,1991,60.0,1.82,1820.0
Rwanda,1991,14.0,,
Sudan,1991,600.0,,
Senegal,1991,350.0,,
Singapore,1991,60.0,1.32,1320.0
Sierra Leone,1991,60.0,,
El Salvador,1991,150.0,,
Somalia,1991,600.0,,
Serbia,1991,350.0,,
South Sudan,1991,,,
Sao Tome and Principe,1991,60.0,,
Suriname,1991,150.0,,
Slovak Republic,1991,60.0,,
Slovenia,1991,60.0,2.09,2090.0
Sweden,1991,60.0,3.37,3370.0
Eswatini,1991,600.0,,
Chad,1991,1700.0,,
Togo,1991,300.0,0.088,88.0
Thailand,1991,3600.0,0.228,228.0
Tajikistan,1991,60.0,2.55,2550.0
Trinidad and Tobago,1991,60.0,0.732,732.0
Tunisia,1991,60.0,0.522,522.0
Turkey,1991,60.0,0.985,985.0
Tanzania,1991,30.0,,
Uganda,1991,95.0,,
Ukraine,1991,60.0,4.34,4340.0
Uruguay,1991,60.0,,
USA,1991,39.0,1.9,1900.0
Uzbekistan,1991,60.0,3.35,3350.0
Venezuela,1991,1300.0,,
Vietnam,1991,300.0,0.407,407.0
Yemen,1991,60.0,,
South Africa,1991,3600.0,,
Zambia,1991,29.0,,
Zimbabwe,1991,32.0,,
Afghanistan,1992,60.0,,
Angola,1992,1800.0,,
Argentina,1992,3400.0,2.65,2650.0
Armenia,1992,60.0,,
Australia,1992,600.0,2.37,2370.0
Austria,1992,60.0,3.21,3210.0
Azerbaijan,1992,60.0,3.69,3690.0
Burundi,1992,6000.0,,
Belgium,1992,60.0,3.4,3400.0
Benin,1992,300.0,0.055,55.0
Burkina Faso,1992,10.0,,
Bangladesh,1992,60.0,,
Bulgaria,1992,60.0,3.12,3120.0
Bahamas,1992,600.0,,
Belarus,1992,60.0,2.94,2940.0
Belize,1992,60.0,,
Bolivia,1992,1800.0,,
Brazil,1992,7000.0,1.13,1130.0
Barbados,1992,60.0,,
Bhutan,1992,60.0,,
Botswana,1992,1300.0,,
Central African Republic,1992,2500.0,,
Canada,1992,1900.0,2.1,2100.0
Switzerland,1992,350.0,3.01,3010.0
China,1992,,,
Cote d'Ivoire,1992,8700.0,,
Cameroon,1992,2100.0,0.084,84.0
"Congo, Rep.",1992,4200.0,,
Colombia,1992,2100.0,0.917,917.0
Comoros,1992,60.0,0.127,127.0
Costa Rica,1992,60.0,,
Cuba,1992,60.0,4.34,4340.0
Czech Republic,1992,60.0,2.68,2680.0
Germany,1992,3000.0,2.84,2840.0
Djibouti,1992,120.0,,
Denmark,1992,60.0,2.6,2600.0
Dominican Republic,1992,600.0,,
Algeria,1992,60.0,,
Ecuador,1992,600.0,1.18,1180.0
Egypt,1992,60.0,,
Eritrea,1992,300.0,,
Spain,1992,4000.0,3.98,3980.0
Estonia,1992,60.0,3.25,3250.0
Finland,1992,60.0,3.06,3060.0
Fiji,1992,60.0,0.472,472.0
France,1992,8100.0,3.22,3220.0
Gabon,1992,300.0,,
UK,1992,1200.0,1.65,1650.0
Georgia,1992,60.0,4.73,4730.0
Ghana,1992,1400.0,,
Guinea,1992,2100.0,,
Gambia,1992,60.0,,
Guinea-Bissau,1992,60.0,,
Equatorial Guinea,1992,60.0,,
Greece,1992,350.0,3.7,3700.0
Guatemala,1992,350.0,,
Guyana,1992,150.0,,
Honduras,1992,1700.0,,
Croatia,1992,60.0,2.68,2680.0
Haiti,1992,6100.0,0.084,84.0
Hungary,1992,350.0,3.01,3010.0
Indonesia,1992,60.0,,
India,1992,12.0,,
Ireland,1992,60.0,2.01,2009.9999999999998
Iran,1992,350.0,,
Iceland,1992,60.0,2.95,2950.0
Israel,1992,60.0,3.57,3570.0
Italy,1992,3600.0,5.02,5020.0
Jamaica,1992,600.0,,
Japan,1992,350.0,1.7,1700.0
Kazakhstan,1992,60.0,3.89,3890.0
Kenya,1992,24.0,,
Kyrgyz Republic,1992,60.0,3.38,3380.0
Cambodia,1992,1100.0,0.107,107.0
South Korea,1992,150.0,0.948,948.0
Lao,1992,60.0,,
Lebanon,1992,60.0,,
Liberia,1992,120.0,,
Sri Lanka,1992,60.0,0.167,167.0
Lesotho,1992,300.0,,
Lithuania,1992,60.0,3.49,3490.0
Luxembourg,1992,60.0,2.08,2080.0
Latvia,1992,60.0,3.08,3080.0
Morocco,1992,300.0,,
Moldova,1992,60.0,3.4,3400.0
Madagascar,1992,1000.0,,
Maldives,1992,60.0,,
Mexico,1992,5800.0,1.35,1350.0
Mali,1992,600.0,,
Malta,1992,60.0,2.35,2350.0
Myanmar,1992,600.0,,
Mongolia,1992,60.0,2.62,2620.0
Mozambique,1992,4500.0,,
Mauritania,1992,350.0,,
Mauritius,1992,60.0,0.847,847.0
Malawi,1992,22.0,,
Malaysia,1992,300.0,0.411,411.0
Namibia,1992,600.0,0.232,232.0
Niger,1992,1000.0,0.027,27.0
Nigeria,1992,12.0,0.185,185.0
Nicaragua,1992,60.0,,
Netherlands,1992,350.0,,
Norway,1992,60.0,2.66,2660.0
Nepal,1992,1100.0,0.076,76.0
New Zealand,1992,60.0,1.9,1900.0
Oman,1992,60.0,,
Pakistan,1992,120.0,0.491,491.0
Panama,1992,600.0,1.15,1150.0
Peru,1992,1700.0,1.03,1030.0
Philippines,1992,60.0,0.108,108.0
Papua New Guinea,1992,350.0,,
Poland,1992,350.0,2.19,2190.0
Portugal,1992,150.0,2.86,2860.0
Qatar,1992,60.0,,
Romania,1992,60.0,1.87,1870.0
Rwanda,1992,15.0,,
Sudan,1992,600.0,,
Senegal,1992,350.0,0.068,68.0
Singapore,1992,60.0,1.35,1350.0
Sierra Leone,1992,60.0,,
El Salvador,1992,150.0,,
Somalia,1992,1000.0,,
Serbia,1992,350.0,,
South Sudan,1992,,,
Sao Tome and Principe,1992,60.0,0.328,328.0
Suriname,1992,150.0,,
Slovak Republic,1992,60.0,,
Slovenia,1992,60.0,2.09,2090.0
Sweden,1992,60.0,3.48,3480.0
Eswatini,1992,600.0,,
Chad,1992,2100.0,,
Togo,1992,600.0,,
Thailand,1992,8600.0,,
Tajikistan,1992,60.0,2.31,2310.0
Trinidad and Tobago,1992,60.0,,
Tunisia,1992,60.0,0.579,579.0
Turkey,1992,60.0,1.01,1010.0
Tanzania,1992,40.0,,
Uganda,1992,100.0,,
Ukraine,1992,60.0,4.3,4300.0
Uruguay,1992,60.0,3.23,3230.0
USA,1992,45.0,1.9,1900.0
Uzbekistan,1992,60.0,3.34,3340.0
Venezuela,1992,1500.0,,
Vietnam,1992,600.0,0.437,437.0
Yemen,1992,60.0,,
South Africa,1992,5900.0,0.624,624.0
Zambia,1992,34.0,,
Zimbabwe,1992,43.0,,
Afghanistan,1993,60.0,0.143,143.0
Angola,1993,2500.0,,
Argentina,1993,3600.0,,
Armenia,1993,60.0,,
Australia,1993,600.0,2.4,2400.0
Austria,1993,60.0,3.3,3300.0
Azerbaijan,1993,60.0,3.72,3720.0
Burundi,1993,7300.0,0.056,56.0
Belgium,1993,60.0,3.46,3460.0
Benin,1993,300.0,0.057,57.0
Burkina Faso,1993,12.0,,
Bangladesh,1993,60.0,,
Bulgaria,1993,60.0,3.31,3310.0
Bahamas,1993,600.0,1.45,1450.0
Belarus,1993,60.0,2.96,2960.0
Belize,1993,60.0,0.493,493.0
Bolivia,1993,2000.0,0.426,426.0
Brazil,1993,8400.0,1.16,1160.0
Barbados,1993,60.0,1.25,1250.0
Bhutan,1993,60.0,,
Botswana,1993,2000.0,0.194,194.0
Central African Republic,1993,3700.0,0.055,55.0
Canada,1993,2100.0,2.2,2200.0
Switzerland,1993,350.0,3.06,3060.0
China,1993,,,
Cote d'Ivoire,1993,12.0,,
Cameroon,1993,3500.0,0.073,73.0
"Congo, Rep.",1993,4700.0,,
Colombia,1993,2900.0,0.958,958.0
Comoros,1993,60.0,,
Costa Rica,1993,60.0,0.883,883.0
Cuba,1993,150.0,4.71,4710.0
Czech Republic,1993,60.0,2.87,2870.0
Germany,1993,3100.0,2.94,2940.0
Djibouti,1993,120.0,,
Denmark,1993,60.0,2.61,2610.0
Dominican Republic,1993,1100.0,1.05,1050.0
Algeria,1993,60.0,0.821,821.0
Ecuador,1993,1000.0,1.09,1090.0
Egypt,1993,60.0,,
Eritrea,1993,300.0,0.019,19.0
Spain,1993,4600.0,4.04,4040.0
Estonia,1993,60.0,3.19,3190.0
Finland,1993,60.0,3.13,3130.0
Fiji,1993,60.0,,
France,1993,7900.0,3.25,3250.0
Gabon,1993,300.0,0.211,211.0
UK,1993,1400.0,1.68,1680.0
Georgia,1993,60.0,5.0,5000.0
Ghana,1993,2000.0,,
Guinea,1993,2700.0,,
Gambia,1993,60.0,0.016,16.0
Guinea-Bissau,1993,120.0,,
Equatorial Guinea,1993,60.0,,
Greece,1993,350.0,3.8,3800.0
Guatemala,1993,350.0,0.25,250.0
Guyana,1993,150.0,0.112,112.0
Honduras,1993,2500.0,,
Croatia,1993,60.0,2.69,2690.0
Haiti,1993,7300.0,0.092,92.0
Hungary,1993,350.0,2.96,2960.0
Indonesia,1993,60.0,0.058,58.0
India,1993,18.0,,
Ireland,1993,60.0,2.03,2029.9999999999998
Iran,1993,350.0,0.318,318.0
Iceland,1993,60.0,2.95,2950.0
Israel,1993,60.0,3.58,3580.0
Italy,1993,4600.0,,
Jamaica,1993,600.0,0.472,472.0
Japan,1993,350.0,,
Kazakhstan,1993,60.0,3.8,3800.0
Kenya,1993,34.0,0.138,138.0
Kyrgyz Republic,1993,60.0,3.12,3120.0
Cambodia,1993,1700.0,0.104,104.0
South Korea,1993,350.0,1.01,1010.0
Lao,1993,60.0,,
Lebanon,1993,60.0,1.86,1860.0
Liberia,1993,300.0,,
Sri Lanka,1993,60.0,0.208,208.0
Lesotho,1993,600.0,0.05,50.0
Lithuania,1993,60.0,3.51,3510.0
Luxembourg,1993,60.0,2.14,2140.0
Latvia,1993,60.0,2.82,2820.0
Morocco,1993,300.0,0.214,214.0
Moldova,1993,60.0,3.44,3440.0
Madagascar,1993,1000.0,,
Maldives,1993,60.0,0.281,281.0
Mexico,1993,6300.0,1.5,1500.0
Mali,1993,1500.0,,
Malta,1993,60.0,2.42,2420.0
Myanmar,1993,1400.0,,
Mongolia,1993,60.0,,
Mozambique,1993,6300.0,,
Mauritania,1993,350.0,0.063,63.0
Mauritius,1993,60.0,0.844,844.0
Malawi,1993,27.0,0.028,28.0
Malaysia,1993,300.0,0.431,431.0
Namibia,1993,1000.0,,
Niger,1993,1200.0,,
Nigeria,1993,19.0,0.192,192.0
Nicaragua,1993,60.0,,
Netherlands,1993,350.0,,
Norway,1993,60.0,2.7,2700.0
Nepal,1993,1400.0,0.074,74.0
New Zealand,1993,60.0,1.92,1920.0
Oman,1993,60.0,,
Pakistan,1993,120.0,0.502,502.0
Panama,1993,600.0,1.19,1190.0
Peru,1993,2100.0,,
Philippines,1993,60.0,,
Papua New Guinea,1993,350.0,,
Poland,1993,350.0,2.23,2230.0
Portugal,1993,350.0,2.87,2870.0
Qatar,1993,60.0,,
Romania,1993,150.0,1.77,1770.0
Rwanda,1993,15.0,0.04,40.0
Sudan,1993,1400.0,,
Senegal,1993,350.0,,
Singapore,1993,60.0,1.39,1390.0
Sierra Leone,1993,60.0,,
El Salvador,1993,350.0,0.66,660.0
Somalia,1993,1200.0,0.042,42.0
Serbia,1993,350.0,,
South Sudan,1993,,,
Sao Tome and Principe,1993,60.0,,
Suriname,1993,350.0,0.762,762.0
Slovak Republic,1993,60.0,,
Slovenia,1993,60.0,2.03,2029.9999999999998
Sweden,1993,150.0,3.58,3580.0
Eswatini,1993,600.0,,
Chad,1993,2600.0,,
Togo,1993,600.0,,
Thailand,1993,16.0,0.236,236.0
Tajikistan,1993,60.0,2.12,2120.0
Trinidad and Tobago,1993,150.0,0.658,658.0
Tunisia,1993,60.0,0.586,586.0
Turkey,1993,60.0,1.07,1070.0
Tanzania,1993,51.0,,
Uganda,1993,110.0,0.04,40.0
Ukraine,1993,60.0,4.34,4340.0
Uruguay,1993,60.0,,
USA,1993,51.0,1.9,1900.0
Uzbekistan,1993,60.0,3.31,3310.0
Venezuela,1993,1700.0,,
Vietnam,1993,600.0,,
Yemen,1993,60.0,,
South Africa,1993,9800.0,,
Zambia,1993,39.0,,
Zimbabwe,1993,55.0,,
Afghanistan,1994,60.0,,
Angola,1994,3300.0,,
Argentina,1994,3800.0,,
Armenia,1994,60.0,,
Australia,1994,600.0,2.44,2440.0
Austria,1994,60.0,3.41,3410.0
Azerbaijan,1994,60.0,3.68,3680.0
Burundi,1994,8600.0,,
Belgium,1994,60.0,3.52,3520.0
Benin,1994,600.0,0.061,61.0
Burkina Faso,1994,13.0,,
Bangladesh,1994,60.0,,
Bulgaria,1994,60.0,3.29,3290.0
Bahamas,1994,600.0,,
Belarus,1994,60.0,3.02,3020.0
Belize,1994,60.0,,
Bolivia,1994,2100.0,,
Brazil,1994,10.0,1.18,1180.0
Barbados,1994,60.0,,
Bhutan,1994,60.0,0.17,170.0
Botswana,1994,2900.0,0.238,238.0
Central African Republic,1994,5200.0,,
Canada,1994,2300.0,2.1,2100.0
Switzerland,1994,350.0,3.12,3120.0
China,1994,,,
Cote d'Ivoire,1994,17.0,,
Cameroon,1994,5600.0,,
"Congo, Rep.",1994,5000.0,,
Colombia,1994,3700.0,1.0,1000.0
Comoros,1994,60.0,,
Costa Rica,1994,150.0,0.845,845.0
Cuba,1994,150.0,4.97,4970.0
Czech Republic,1994,60.0,2.94,2940.0
Germany,1994,3300.0,3.01,3010.0
Djibouti,1994,300.0,,
Denmark,1994,120.0,2.64,2640.0
Dominican Republic,1994,1400.0,,
Algeria,1994,60.0,,
Ecuador,1994,1200.0,1.26,1260.0
Egypt,1994,60.0,1.84,1840.0
Eritrea,1994,600.0,,
Spain,1994,5200.0,4.09,4090.0
Estonia,1994,60.0,3.17,3170.0
Finland,1994,60.0,3.21,3210.0
Fiji,1994,60.0,0.376,376.0
France,1994,7700.0,3.29,3290.0
Gabon,1994,300.0,0.253,253.0
UK,1994,1500.0,1.7,1700.0
Georgia,1994,60.0,4.9,4900.0
Ghana,1994,3000.0,,
Guinea,1994,3300.0,0.152,152.0
Gambia,1994,60.0,,
Guinea-Bissau,1994,120.0,0.177,177.0
Equatorial Guinea,1994,60.0,,
Greece,1994,350.0,3.8,3800.0
Guatemala,1994,600.0,,
Guyana,1994,350.0,,
Honduras,1994,3400.0,,
Croatia,1994,60.0,2.65,2650.0
Haiti,1994,8300.0,,
Hungary,1994,350.0,3.0,3000.0
Indonesia,1994,60.0,,
India,1994,26.0,,
Ireland,1994,60.0,2.0,2000.0
Iran,1994,350.0,,
Iceland,1994,60.0,2.99,2990.0
Israel,1994,60.0,3.62,3620.0
Italy,1994,5600.0,,
Jamaica,1994,1100.0,,
Japan,1994,350.0,1.77,1770.0
Kazakhstan,1994,60.0,3.64,3640.0
Kenya,1994,46.0,,
Kyrgyz Republic,1994,60.0,3.08,3080.0
Cambodia,1994,2400.0,0.105,105.0
South Korea,1994,350.0,1.06,1060.0
Lao,1994,60.0,,
Lebanon,1994,60.0,,
Liberia,1994,600.0,,
Sri Lanka,1994,60.0,0.186,186.0
Lesotho,1994,1400.0,,
Lithuania,1994,60.0,3.58,3580.0
Luxembourg,1994,60.0,2.16,2160.0
Latvia,1994,60.0,2.8,2800.0
Morocco,1994,300.0,0.363,363.0
Moldova,1994,60.0,3.46,3460.0
Madagascar,1994,1000.0,,
Maldives,1994,60.0,,
Mexico,1994,6700.0,1.6,1600.0
Mali,1994,2300.0,0.047,47.0
Malta,1994,60.0,,
Myanmar,1994,2100.0,,
Mongolia,1994,60.0,,
Mozambique,1994,8600.0,,
Mauritania,1994,350.0,,
Mauritius,1994,60.0,0.845,845.0
Malawi,1994,31.0,,
Malaysia,1994,600.0,0.449,449.0
Namibia,1994,1400.0,,
Niger,1994,1400.0,0.023,23.0
Nigeria,1994,28.0,,
Nicaragua,1994,60.0,,
Netherlands,1994,350.0,,
Norway,1994,60.0,2.79,2790.0
Nepal,1994,1700.0,,
New Zealand,1994,60.0,1.98,1980.0
Oman,1994,60.0,,
Pakistan,1994,300.0,0.512,512.0
Panama,1994,1000.0,1.14,1140.0
Peru,1994,2600.0,,
Philippines,1994,60.0,,
Papua New Guinea,1994,350.0,,
Poland,1994,350.0,2.29,2290.0
Portugal,1994,350.0,2.89,2890.0
Qatar,1994,60.0,,
Romania,1994,150.0,1.77,1770.0
Rwanda,1994,16.0,,
Sudan,1994,1900.0,0.105,105.0
Senegal,1994,350.0,0.096,96.0
Singapore,1994,60.0,1.41,1410.0
Sierra Leone,1994,60.0,,
El Salvador,1994,350.0,,
Somalia,1994,1400.0,,
Serbia,1994,350.0,,
South Sudan,1994,,,
Sao Tome and Principe,1994,60.0,,
Suriname,1994,350.0,,
Slovak Republic,1994,60.0,,
Slovenia,1994,60.0,2.19,2190.0
Sweden,1994,150.0,3.68,3680.0
Eswatini,1994,1300.0,,
Chad,1994,3200.0,0.033,33.0
Togo,1994,1300.0,0.056,56.0
Thailand,1994,25.0,,
Tajikistan,1994,60.0,2.18,2180.0
Trinidad and Tobago,1994,150.0,0.788,788.0
Tunisia,1994,60.0,0.585,585.0
Turkey,1994,60.0,1.13,1130.0
Tanzania,1994,63.0,0.042,42.0
Uganda,1994,110.0,,
Ukraine,1994,150.0,4.31,4310.0
Uruguay,1994,60.0,,
USA,1994,56.0,,
Uzbekistan,1994,60.0,3.28,3280.0
Venezuela,1994,2000.0,,
Vietnam,1994,1000.0,,
Yemen,1994,60.0,,
South Africa,1994,16.0,,
Zambia,1994,44.0,,
Zimbabwe,1994,68.0,,
Afghanistan,1995,150.0,,
Angola,1995,4300.0,,
Argentina,1995,3500.0,,
Armenia,1995,60.0,,
Australia,1995,600.0,2.48,2480.0
Austria,1995,60.0,3.51,3510.0
Azerbaijan,1995,60.0,3.7,3700.0
Burundi,1995,9800.0,0.055,55.0
Belgium,1995,60.0,3.56,3560.0
Benin,1995,600.0,0.058,58.0
Burkina Faso,1995,14.0,0.034,34.0
Bangladesh,1995,60.0,0.201,201.0
Bulgaria,1995,60.0,3.43,3430.0
Bahamas,1995,600.0,1.49,1490.0
Belarus,1995,60.0,3.05,3050.0
Belize,1995,150.0,0.6,600.0
Bolivia,1995,2100.0,0.34,340.0
Brazil,1995,12.0,1.21,1210.0
Barbados,1995,60.0,1.36,1360.0
Bhutan,1995,60.0,0.16,160.0
Botswana,1995,4100.0,,
Central African Republic,1995,6900.0,0.035,35.0
Canada,1995,2500.0,2.1,2100.0
Switzerland,1995,600.0,3.17,3170.0
China,1995,,1.19,1190.0
Cote d'Ivoire,1995,22.0,,
Cameroon,1995,8400.0,,
"Congo, Rep.",1995,5300.0,0.251,251.0
Colombia,1995,4700.0,1.05,1050.0
Comoros,1995,60.0,,
Costa Rica,1995,150.0,0.854,854.0
Cuba,1995,150.0,5.2,5200.0
Czech Republic,1995,60.0,3.0,3000.0
Germany,1995,3300.0,3.08,3080.0
Djibouti,1995,300.0,0.191,191.0
Denmark,1995,120.0,2.68,2680.0
Dominican Republic,1995,1800.0,1.5,1500.0
Algeria,1995,60.0,0.846,846.0
Ecuador,1995,1300.0,1.23,1230.0
Egypt,1995,60.0,,
Eritrea,1995,600.0,,
Spain,1995,5900.0,4.08,4080.0
Estonia,1995,60.0,3.16,3160.0
Finland,1995,60.0,2.19,2190.0
Fiji,1995,60.0,,
France,1995,7500.0,3.31,3310.0
Gabon,1995,600.0,0.286,286.0
UK,1995,1600.0,1.76,1760.0
Georgia,1995,60.0,4.79,4790.0
Ghana,1995,4400.0,,
Guinea,1995,3900.0,0.13,130.0
Gambia,1995,60.0,,
Guinea-Bissau,1995,300.0,,
Equatorial Guinea,1995,60.0,0.208,208.0
Greece,1995,350.0,3.84,3840.0
Guatemala,1995,600.0,1.1,1100.0
Guyana,1995,350.0,0.33,330.0
Honduras,1995,4300.0,0.65,650.0
Croatia,1995,60.0,2.61,2610.0
Haiti,1995,9300.0,0.16,160.0
Hungary,1995,350.0,3.0,3000.0
Indonesia,1995,60.0,,
India,1995,37.0,,
Ireland,1995,60.0,2.11,2110.0
Iran,1995,350.0,,
Iceland,1995,60.0,3.02,3020.0
Israel,1995,60.0,3.62,3620.0
Italy,1995,6500.0,3.8,3800.0
Jamaica,1995,1400.0,0.57,570.0
Japan,1995,600.0,,
Kazakhstan,1995,60.0,3.66,3660.0
Kenya,1995,60.0,0.132,132.0
Kyrgyz Republic,1995,60.0,3.13,3130.0
Cambodia,1995,3200.0,,
South Korea,1995,350.0,1.12,1120.0
Lao,1995,60.0,0.336,336.0
Lebanon,1995,60.0,,
Liberia,1995,600.0,,
Sri Lanka,1995,60.0,0.223,223.0
Lesotho,1995,2500.0,0.054,54.0
Lithuania,1995,60.0,3.57,3570.0
Luxembourg,1995,60.0,2.24,2240.0
Latvia,1995,60.0,2.73,2730.0
Morocco,1995,300.0,,
Moldova,1995,60.0,3.42,3420.0
Madagascar,1995,1100.0,0.272,272.0
Maldives,1995,60.0,,
Mexico,1995,7200.0,1.69,1690.0
Mali,1995,3200.0,0.043,43.0
Malta,1995,60.0,,
Myanmar,1995,3000.0,0.293,293.0
Mongolia,1995,60.0,,
Mozambique,1995,11.0,,
Mauritania,1995,350.0,0.138,138.0
Mauritius,1995,60.0,0.85,850.0
Malawi,1995,36.0,,
Malaysia,1995,1100.0,0.478,478.0
Namibia,1995,1900.0,,
Niger,1995,1600.0,,
Nigeria,1995,40.0,,
Nicaragua,1995,60.0,0.82,820.0
Netherlands,1995,350.0,,
Norway,1995,60.0,2.95,2950.0
Nepal,1995,2000.0,0.04,40.0
New Zealand,1995,60.0,2.05,2050.0
Oman,1995,60.0,1.14,1140.0
Pakistan,1995,300.0,0.524,524.0
Panama,1995,1200.0,1.18,1180.0
Peru,1995,3200.0,0.98,980.0
Philippines,1995,60.0,,
Papua New Guinea,1995,600.0,,
Poland,1995,350.0,2.33,2330.0
Portugal,1995,350.0,2.92,2920.0
Qatar,1995,60.0,,
Romania,1995,350.0,,
Rwanda,1995,16.0,,
Sudan,1995,2500.0,,
Senegal,1995,600.0,0.075,75.0
Singapore,1995,60.0,,
Sierra Leone,1995,150.0,,
El Salvador,1995,350.0,0.91,910.0
Somalia,1995,1700.0,,
Serbia,1995,350.0,,
South Sudan,1995,,,
Sao Tome and Principe,1995,60.0,,
Suriname,1995,350.0,0.75,750.0
Slovak Republic,1995,60.0,,
Slovenia,1995,60.0,2.12,2120.0
Sweden,1995,350.0,2.84,2840.0
Eswatini,1995,1800.0,,
Chad,1995,3800.0,,
Togo,1995,1800.0,0.076,76.0
Thailand,1995,34.0,0.239,239.0
Tajikistan,1995,60.0,2.05,2050.0
Trinidad and Tobago,1995,350.0,0.905,905.0
Tunisia,1995,60.0,0.642,642.0
Turkey,1995,60.0,1.14,1140.0
Tanzania,1995,76.0,0.041,41.0
Uganda,1995,110.0,,
Ukraine,1995,350.0,4.41,4410.0
Uruguay,1995,60.0,3.56,3560.0
USA,1995,59.0,2.43,2430.0
Uzbekistan,1995,60.0,3.22,3220.0
Venezuela,1995,2200.0,1.94,1940.0
Vietnam,1995,1300.0,,
Yemen,1995,60.0,0.247,247.0
South Africa,1995,26.0,,
Zambia,1995,49.0,0.069,69.0
Zimbabwe,1995,82.0,0.148,148.0
Afghanistan,1996,150.0,,
Angola,1996,5300.0,,
Argentina,1996,3200.0,,
Armenia,1996,60.0,,
Australia,1996,600.0,2.4,2400.0
Austria,1996,60.0,3.59,3590.0
Azerbaijan,1996,60.0,3.67,3670.0
Burundi,1996,11.0,,
Belgium,1996,150.0,3.62,3620.0
Benin,1996,1300.0,,
Burkina Faso,1996,15.0,0.035,35.0
Bangladesh,1996,60.0,,
Bulgaria,1996,60.0,3.52,3520.0
Bahamas,1996,600.0,1.52,1520.0
Belarus,1996,60.0,3.12,3120.0
Belize,1996,150.0,0.548,548.0
Bolivia,1996,2100.0,,
Brazil,1996,13.0,1.25,1250.0
Barbados,1996,60.0,,
Bhutan,1996,60.0,,
Botswana,1996,5500.0,,
Central African Republic,1996,8600.0,,
Canada,1996,2300.0,2.1,2100.0
Switzerland,1996,600.0,3.21,3210.0
China,1996,,1.2,1200.0
Cote d'Ivoire,1996,28.0,0.09,90.0
Cameroon,1996,12.0,0.074,74.0
"Congo, Rep.",1996,5500.0,,
Colombia,1996,5600.0,1.09,1090.0
Comoros,1996,60.0,,
Costa Rica,1996,150.0,0.864,864.0
Cuba,1996,150.0,5.49,5490.0
Czech Republic,1996,60.0,2.99,2990.0
Germany,1996,2500.0,3.12,3120.0
Djibouti,1996,300.0,0.14,140.0
Denmark,1996,120.0,2.7,2700.0
Dominican Republic,1996,2200.0,,
Algeria,1996,60.0,,
Ecuador,1996,1400.0,1.31,1310.0
Egypt,1996,60.0,2.02,2020.0
Eritrea,1996,600.0,0.03,30.0
Spain,1996,5900.0,2.74,2740.0
Estonia,1996,60.0,3.11,3110.0
Finland,1996,60.0,2.26,2260.0
Fiji,1996,60.0,,
France,1996,5600.0,3.33,3330.0
Gabon,1996,600.0,,
UK,1996,1300.0,1.8,1800.0
Georgia,1996,60.0,3.12,3120.0
Ghana,1996,6200.0,0.062,62.0
Guinea,1996,4500.0,,
Gambia,1996,60.0,,
Guinea-Bissau,1996,300.0,0.166,166.0
Equatorial Guinea,1996,60.0,0.246,246.0
Greece,1996,350.0,3.84,3840.0
Guatemala,1996,600.0,,
Guyana,1996,350.0,,
Honduras,1996,5100.0,,
Croatia,1996,60.0,2.62,2620.0
Haiti,1996,10.0,,
Hungary,1996,350.0,3.04,3040.0
Indonesia,1996,60.0,,
India,1996,51.0,,
Ireland,1996,60.0,2.11,2110.0
Iran,1996,600.0,0.85,850.0
Iceland,1996,60.0,3.12,3120.0
Israel,1996,60.0,3.61,3610.0
Italy,1996,4200.0,3.9,3900.0
Jamaica,1996,1800.0,,
Japan,1996,350.0,1.84,1840.0
Kazakhstan,1996,60.0,3.59,3590.0
Kenya,1996,74.0,,
Kyrgyz Republic,1996,60.0,3.21,3210.0
Cambodia,1996,4100.0,0.112,112.0
South Korea,1996,350.0,1.17,1170.0
Lao,1996,60.0,,
Lebanon,1996,60.0,,
Liberia,1996,1400.0,,
Sri Lanka,1996,60.0,0.279,279.0
Lesotho,1996,4000.0,,
Lithuania,1996,60.0,3.6,3600.0
Luxembourg,1996,60.0,2.32,2320.0
Latvia,1996,60.0,2.75,2750.0
Morocco,1996,300.0,,
Moldova,1996,150.0,3.48,3480.0
Madagascar,1996,1100.0,0.107,107.0
Maldives,1996,60.0,0.656,656.0
Mexico,1996,7600.0,1.68,1680.0
Mali,1996,4100.0,0.063,63.0
Malta,1996,60.0,,
Myanmar,1996,3900.0,,
Mongolia,1996,60.0,,
Mozambique,1996,15.0,,
Mauritania,1996,350.0,,
Mauritius,1996,60.0,,
Malawi,1996,41.0,,
Malaysia,1996,1500.0,0.496,496.0
Namibia,1996,2600.0,,
Niger,1996,1800.0,0.024,24.0
Nigeria,1996,54.0,,
Nicaragua,1996,60.0,,
Netherlands,1996,600.0,,
Norway,1996,60.0,3.05,3050.0
Nepal,1996,2300.0,0.04,40.0
New Zealand,1996,60.0,2.05,2050.0
Oman,1996,60.0,,
Pakistan,1996,300.0,0.541,541.0
Panama,1996,1500.0,1.22,1220.0
Peru,1996,3900.0,,
Philippines,1996,60.0,1.23,1230.0
Papua New Guinea,1996,600.0,,
Poland,1996,350.0,2.37,2370.0
Portugal,1996,600.0,3.0,3000.0
Qatar,1996,60.0,1.26,1260.0
Romania,1996,350.0,,
Rwanda,1996,17.0,,
Sudan,1996,3100.0,0.09,90.0
Senegal,1996,600.0,0.093,93.0
Singapore,1996,60.0,,
Sierra Leone,1996,150.0,0.073,73.0
El Salvador,1996,350.0,,
Somalia,1996,1900.0,,
Serbia,1996,350.0,,
South Sudan,1996,,,
Sao Tome and Principe,1996,60.0,0.467,467.0
Suriname,1996,600.0,0.252,252.0
Slovak Republic,1996,60.0,,
Slovenia,1996,60.0,2.13,2130.0
Sweden,1996,150.0,2.86,2860.0
Eswatini,1996,2400.0,0.151,151.0
Chad,1996,4500.0,,
Togo,1996,2400.0,,
Thailand,1996,42.0,,
Tajikistan,1996,60.0,1.98,1980.0
Trinidad and Tobago,1996,350.0,0.729,729.0
Tunisia,1996,60.0,0.655,655.0
Turkey,1996,60.0,1.15,1150.0
Tanzania,1996,89.0,,
Uganda,1996,110.0,,
Ukraine,1996,600.0,2.99,2990.0
Uruguay,1996,150.0,3.7,3700.0
USA,1996,59.0,,
Uzbekistan,1996,60.0,3.13,3130.0
Venezuela,1996,2500.0,,
Vietnam,1996,1700.0,,
Yemen,1996,60.0,0.23,230.0
South Africa,1996,41.0,0.593,593.0
Zambia,1996,53.0,,
Zimbabwe,1996,96.0,,
Afghanistan,1997,150.0,0.11,110.0
Angola,1997,6300.0,0.059,59.0
Argentina,1997,3100.0,,
Armenia,1997,60.0,,
Australia,1997,350.0,2.4,2400.0
Austria,1997,60.0,3.67,3670.0
Azerbaijan,1997,60.0,3.61,3610.0
Burundi,1997,12.0,,
Belgium,1997,150.0,3.69,3690.0
Benin,1997,1700.0,,
Burkina Faso,1997,15.0,0.038,38.0
Bangladesh,1997,60.0,0.2,200.0
Bulgaria,1997,60.0,3.44,3440.0
Bahamas,1997,600.0,,
Belarus,1997,60.0,3.16,3160.0
Belize,1997,150.0,,
Bolivia,1997,2100.0,,
Brazil,1997,13.0,1.28,1280.0
Barbados,1997,60.0,,
Bhutan,1997,60.0,,
Botswana,1997,7100.0,,
Central African Republic,1997,10.0,,
Canada,1997,600.0,2.1,2100.0
Switzerland,1997,350.0,3.27,3270.0
China,1997,,1.22,1220.0
Cote d'Ivoire,1997,34.0,,
Cameroon,1997,16.0,,
"Congo, Rep.",1997,5600.0,,
Colombia,1997,6500.0,1.13,1130.0
Comoros,1997,60.0,0.074,74.0
Costa Rica,1997,150.0,0.872,872.0
Cuba,1997,150.0,5.69,5690.0
Czech Republic,1997,60.0,3.12,3120.0
Germany,1997,1700.0,3.14,3140.0
Djibouti,1997,300.0,,
Denmark,1997,60.0,2.78,2780.0
Dominican Republic,1997,2600.0,2.16,2160.0
Algeria,1997,60.0,,
Ecuador,1997,1500.0,1.32,1320.0
Egypt,1997,60.0,1.6,1600.0
Eritrea,1997,1000.0,,
Spain,1997,3700.0,2.86,2860.0
Estonia,1997,60.0,3.19,3190.0
Finland,1997,60.0,2.29,2290.0
Fiji,1997,60.0,0.476,476.0
France,1997,2700.0,3.34,3340.0
Gabon,1997,1000.0,,
UK,1997,600.0,1.85,1850.0
Georgia,1997,60.0,3.71,3710.0
Ghana,1997,8200.0,,
Guinea,1997,5000.0,,
Gambia,1997,60.0,0.035,35.0
Guinea-Bissau,1997,300.0,,
Equatorial Guinea,1997,60.0,,
Greece,1997,150.0,3.96,3960.0
Guatemala,1997,600.0,0.933,933.0
Guyana,1997,350.0,0.181,181.0
Honduras,1997,5900.0,0.832,832.0
Croatia,1997,60.0,2.64,2640.0
Haiti,1997,11.0,,
Hungary,1997,350.0,3.08,3080.0
Indonesia,1997,60.0,,
India,1997,67.0,,
Ireland,1997,60.0,2.14,2140.0
Iran,1997,600.0,,
Iceland,1997,60.0,3.26,3260.0
Israel,1997,60.0,3.68,3680.0
Italy,1997,2300.0,3.99,3990.0
Jamaica,1997,2100.0,,
Japan,1997,350.0,,
Kazakhstan,1997,60.0,3.29,3290.0
Kenya,1997,87.0,,
Kyrgyz Republic,1997,60.0,3.03,3030.0
Cambodia,1997,4900.0,,
South Korea,1997,350.0,1.23,1230.0
Lao,1997,60.0,,
Lebanon,1997,60.0,2.1,2100.0
Liberia,1997,1900.0,0.023,23.0
Sri Lanka,1997,60.0,0.305,305.0
Lesotho,1997,5900.0,,
Lithuania,1997,60.0,3.64,3640.0
Luxembourg,1997,60.0,2.4,2400.0
Latvia,1997,60.0,2.79,2790.0
Morocco,1997,300.0,0.46,460.0
Moldova,1997,150.0,3.51,3510.0
Madagascar,1997,1100.0,,
Maldives,1997,60.0,,
Mexico,1997,7900.0,1.72,1720.0
Mali,1997,4900.0,,
Malta,1997,60.0,2.38,2380.0
Myanmar,1997,4900.0,,
Mongolia,1997,60.0,,
Mozambique,1997,19.0,,
Mauritania,1997,600.0,,
Mauritius,1997,60.0,,
Malawi,1997,45.0,,
Malaysia,1997,2000.0,0.658,658.0
Namibia,1997,3500.0,0.295,295.0
Niger,1997,2100.0,0.035,35.0
Nigeria,1997,71.0,,
Nicaragua,1997,60.0,0.856,856.0
Netherlands,1997,350.0,,
Norway,1997,60.0,3.08,3080.0
Nepal,1997,2700.0,0.04,40.0
New Zealand,1997,60.0,2.18,2180.0
Oman,1997,60.0,0.856,856.0
Pakistan,1997,300.0,0.555,555.0
Panama,1997,1700.0,1.21,1210.0
Peru,1997,4600.0,0.932,932.0
Philippines,1997,60.0,1.24,1240.0
Papua New Guinea,1997,600.0,,
Poland,1997,350.0,2.37,2370.0
Portugal,1997,350.0,3.04,3040.0
Qatar,1997,60.0,1.26,1260.0
Romania,1997,350.0,,
Rwanda,1997,18.0,,
Sudan,1997,3800.0,,
Senegal,1997,600.0,0.093,93.0
Singapore,1997,60.0,,
Sierra Leone,1997,350.0,,
El Salvador,1997,350.0,1.07,1070.0
Somalia,1997,2100.0,0.04,40.0
Serbia,1997,350.0,,
South Sudan,1997,,,
Sao Tome and Principe,1997,60.0,,
Suriname,1997,600.0,,
Slovak Republic,1997,60.0,,
Slovenia,1997,60.0,2.23,2230.0
Sweden,1997,150.0,2.87,2870.0
Eswatini,1997,3000.0,,
Chad,1997,5200.0,0.026,26.0
Togo,1997,3200.0,,
Thailand,1997,49.0,0.272,272.0
Tajikistan,1997,120.0,1.93,1930.0
Trinidad and Tobago,1997,350.0,0.72,720.0
Tunisia,1997,60.0,0.676,676.0
Turkey,1997,60.0,1.17,1170.0
Tanzania,1997,100.0,,
Uganda,1997,110.0,,
Ukraine,1997,1400.0,2.97,2970.0
Uruguay,1997,150.0,,
USA,1997,38.0,,
Uzbekistan,1997,60.0,3.07,3070.0
Venezuela,1997,2800.0,,
Vietnam,1997,2200.0,0.569,569.0
Yemen,1997,150.0,0.223,223.0
South Africa,1997,61.0,,
Zambia,1997,57.0,,
Zimbabwe,1997,110.0,,
Afghanistan,1998,150.0,,
Angola,1998,7300.0,,
Argentina,1998,3000.0,3.0,3000.0
Armenia,1998,60.0,,
Australia,1998,350.0,2.4,2400.0
Austria,1998,60.0,3.79,3790.0
Azerbaijan,1998,60.0,3.54,3540.0
Burundi,1998,12.0,,
Belgium,1998,60.0,3.74,3740.0
Benin,1998,2200.0,,
Burkina Faso,1998,15.0,,
Bangladesh,1998,60.0,,
Bulgaria,1998,60.0,3.46,3460.0
Bahamas,1998,600.0,0.989,989.0
Belarus,1998,60.0,3.23,3230.0
Belize,1998,150.0,,
Bolivia,1998,2100.0,,
Brazil,1998,11.0,1.27,1270.0
Barbados,1998,60.0,,
Bhutan,1998,60.0,,
Botswana,1998,9000.0,0.256,256.0
Central African Republic,1998,12.0,,
Canada,1998,350.0,1.86,1860.0
Switzerland,1998,60.0,3.33,3330.0
China,1998,,1.21,1210.0
Cote d'Ivoire,1998,39.0,,
Cameroon,1998,20.0,,
"Congo, Rep.",1998,5600.0,0.734,734.0
Colombia,1998,7400.0,1.18,1180.0
Comoros,1998,60.0,,
Costa Rica,1998,350.0,0.901,901.0
Cuba,1998,150.0,5.75,5750.0
Czech Republic,1998,60.0,3.04,3040.0
Germany,1998,1200.0,3.18,3180.0
Djibouti,1998,600.0,,
Denmark,1998,60.0,2.86,2860.0
Dominican Republic,1998,3000.0,,
Algeria,1998,120.0,1.0,1000.0
Ecuador,1998,1700.0,1.31,1310.0
Egypt,1998,60.0,,
Eritrea,1998,1200.0,,
Spain,1998,1800.0,2.91,2910.0
Estonia,1998,60.0,2.95,2950.0
Finland,1998,60.0,2.32,2320.0
Fiji,1998,60.0,0.357,357.0
France,1998,1700.0,3.35,3350.0
Gabon,1998,1300.0,,
UK,1998,350.0,1.9,1900.0
Georgia,1998,60.0,3.85,3850.0
Ghana,1998,10.0,,
Guinea,1998,5400.0,,
Gambia,1998,120.0,,
Guinea-Bissau,1998,300.0,,
Equatorial Guinea,1998,60.0,,
Greece,1998,150.0,4.09,4090.0
Guatemala,1998,1100.0,,
Guyana,1998,350.0,,
Honduras,1998,6400.0,,
Croatia,1998,60.0,2.5,2500.0
Haiti,1998,11.0,0.242,242.0
Hungary,1998,350.0,3.08,3080.0
Indonesia,1998,60.0,,
India,1998,85.0,,
Ireland,1998,60.0,2.2,2200.0
Iran,1998,1300.0,1.05,1050.0
Iceland,1998,60.0,3.31,3310.0
Israel,1998,60.0,3.76,3760.0
Italy,1998,1500.0,4.07,4070.0000000000005
Jamaica,1998,2400.0,,
Japan,1998,350.0,1.89,1890.0
Kazakhstan,1998,150.0,3.44,3440.0
Kenya,1998,100.0,,
Kyrgyz Republic,1998,60.0,2.97,2970.0
Cambodia,1998,5700.0,0.147,147.0
South Korea,1998,150.0,1.27,1270.0
Lao,1998,60.0,,
Lebanon,1998,60.0,,
Liberia,1998,2500.0,,
Sri Lanka,1998,60.0,0.346,346.0
Lesotho,1998,8100.0,,
Lithuania,1998,60.0,3.6,3600.0
Luxembourg,1998,60.0,2.44,2440.0
Latvia,1998,60.0,2.68,2680.0
Morocco,1998,600.0,,
Moldova,1998,350.0,3.58,3580.0
Madagascar,1998,1200.0,,
Maldives,1998,60.0,,
Mexico,1998,7500.0,1.73,1730.0
Mali,1998,5700.0,,
Malta,1998,60.0,2.51,2510.0
Myanmar,1998,6100.0,,
Mongolia,1998,60.0,2.43,2430.0
Mozambique,1998,24.0,,
Mauritania,1998,600.0,,
Mauritius,1998,150.0,,
Malawi,1998,50.0,,
Malaysia,1998,2500.0,,
Namibia,1998,4600.0,,
Niger,1998,2300.0,0.033,33.0
Nigeria,1998,91.0,,
Nicaragua,1998,60.0,,
Netherlands,1998,350.0,,
Norway,1998,60.0,3.17,3170.0
Nepal,1998,3000.0,0.04,40.0
New Zealand,1998,60.0,2.23,2230.0
Oman,1998,60.0,0.921,921.0
Pakistan,1998,600.0,0.568,568.0
Panama,1998,1900.0,1.2,1200.0
Peru,1998,5300.0,,
Philippines,1998,60.0,,
Papua New Guinea,1998,1000.0,0.073,73.0
Poland,1998,150.0,2.35,2350.0
Portugal,1998,350.0,3.1,3100.0
Qatar,1998,60.0,,
Romania,1998,350.0,1.86,1860.0
Rwanda,1998,20.0,,
Sudan,1998,4500.0,,
Senegal,1998,600.0,0.095,95.0
Singapore,1998,60.0,1.63,1630.0
Sierra Leone,1998,350.0,,
El Salvador,1998,600.0,,
Somalia,1998,2300.0,,
Serbia,1998,350.0,,
South Sudan,1998,,,
Sao Tome and Principe,1998,60.0,,
Suriname,1998,600.0,,
Slovak Republic,1998,60.0,,
Slovenia,1998,60.0,2.18,2180.0
Sweden,1998,150.0,2.93,2930.0
Eswatini,1998,3800.0,,
Chad,1998,6100.0,0.02,20.0
Togo,1998,4000.0,,
Thailand,1998,48.0,0.291,291.0
Tajikistan,1998,120.0,2.04,2040.0
Trinidad and Tobago,1998,350.0,0.896,896.0
Tunisia,1998,60.0,0.705,705.0
Turkey,1998,60.0,1.21,1210.0
Tanzania,1998,110.0,,
Uganda,1998,110.0,,
Ukraine,1998,2600.0,2.99,2990.0
Uruguay,1998,350.0,,
USA,1998,33.0,,
Uzbekistan,1998,60.0,3.05,3050.0
Venezuela,1998,3100.0,,
Vietnam,1998,2800.0,0.48,480.0
Yemen,1998,150.0,,
South Africa,1998,89.0,,
Zambia,1998,60.0,,
Zimbabwe,1998,120.0,,
Afghanistan,1999,150.0,,
Angola,1999,8200.0,,
Argentina,1999,3000.0,,
Armenia,1999,150.0,,
Australia,1999,350.0,2.45,2450.0
Austria,1999,60.0,3.79,3790.0
Azerbaijan,1999,60.0,3.52,3520.0
Burundi,1999,13.0,,
Belgium,1999,60.0,2.8,2800.0
Benin,1999,2600.0,,
Burkina Faso,1999,15.0,,
Bangladesh,1999,60.0,,
Bulgaria,1999,60.0,,
Bahamas,1999,600.0,,
Belarus,1999,60.0,3.29,3290.0
Belize,1999,150.0,,
Bolivia,1999,2100.0,,
Brazil,1999,10.0,1.36,1360.0
Barbados,1999,60.0,,
Bhutan,1999,60.0,0.051,51.0
Botswana,1999,11.0,0.3,300.0
Central African Republic,1999,13.0,,
Canada,1999,350.0,2.1,2100.0
Switzerland,1999,60.0,3.36,3360.0
China,1999,,1.24,1240.0
Cote d'Ivoire,1999,44.0,,
Cameroon,1999,24.0,,
"Congo, Rep.",1999,5700.0,,
Colombia,1999,8200.0,1.22,1220.0
Comoros,1999,60.0,,
Costa Rica,1999,350.0,1.72,1720.0
Cuba,1999,150.0,5.86,5860.0
Czech Republic,1999,60.0,3.09,3090.0
Germany,1999,600.0,3.22,3220.0
Djibouti,1999,600.0,0.129,129.0
Denmark,1999,60.0,2.88,2880.0
Dominican Republic,1999,3400.0,,
Algeria,1999,120.0,,
Ecuador,1999,1800.0,1.38,1380.0
Egypt,1999,60.0,,
Eritrea,1999,1400.0,,
Spain,1999,2000.0,3.04,3040.0
Estonia,1999,60.0,2.99,2990.0
Finland,1999,60.0,2.4,2400.0
Fiji,1999,60.0,0.329,329.0
France,1999,1700.0,3.35,3350.0
Gabon,1999,1500.0,,
UK,1999,350.0,1.91,1910.0
Georgia,1999,60.0,3.93,3930.0
Ghana,1999,12.0,,
Guinea,1999,5800.0,,
Gambia,1999,120.0,,
Guinea-Bissau,1999,600.0,,
Equatorial Guinea,1999,120.0,,
Greece,1999,150.0,4.2,4200.0
Guatemala,1999,1300.0,0.869,869.0
Guyana,1999,600.0,,
Honduras,1999,6800.0,,
Croatia,1999,60.0,2.42,2420.0
Haiti,1999,11.0,,
Hungary,1999,350.0,3.11,3110.0
Indonesia,1999,60.0,,
India,1999,100.0,,
Ireland,1999,60.0,2.28,2280.0
Iran,1999,1900.0,,
Iceland,1999,60.0,3.38,3380.0
Israel,1999,60.0,3.7,3700.0
Italy,1999,600.0,4.12,4120.0
Jamaica,1999,2700.0,,
Japan,1999,150.0,,
Kazakhstan,1999,350.0,3.31,3310.0
Kenya,1999,110.0,,
Kyrgyz Republic,1999,60.0,2.89,2890.0
Cambodia,1999,6400.0,,
South Korea,1999,60.0,1.31,1310.0
Lao,1999,60.0,,
Lebanon,1999,60.0,,
Liberia,1999,3100.0,,
Sri Lanka,1999,60.0,0.375,375.0
Lesotho,1999,10.0,,
Lithuania,1999,60.0,3.6,3600.0
Luxembourg,1999,60.0,2.49,2490.0
Latvia,1999,60.0,2.68,2680.0
Morocco,1999,600.0,,
Moldova,1999,350.0,,
Madagascar,1999,1200.0,,
Maldives,1999,60.0,,
Mexico,1999,7700.0,1.73,1730.0
Mali,1999,6300.0,,
Malta,1999,60.0,,
Myanmar,1999,7300.0,0.297,297.0
Mongolia,1999,60.0,2.54,2540.0
Mozambique,1999,30.0,,
Mauritania,1999,600.0,,
Mauritius,1999,150.0,,
Malawi,1999,55.0,,
Malaysia,1999,3000.0,0.683,683.0
Namibia,1999,5800.0,,
Niger,1999,2600.0,,
Nigeria,1999,110.0,,
Nicaragua,1999,150.0,,
Netherlands,1999,350.0,2.38,2380.0
Norway,1999,60.0,3.29,3290.0
Nepal,1999,3300.0,,
New Zealand,1999,60.0,2.25,2250.0
Oman,1999,60.0,0.94,940.0
Pakistan,1999,600.0,0.582,582.0
Panama,1999,2100.0,1.24,1240.0
Peru,1999,5900.0,1.14,1140.0
Philippines,1999,60.0,,
Papua New Guinea,1999,1200.0,,
Poland,1999,150.0,2.28,2280.0
Portugal,1999,350.0,3.12,3120.0
Qatar,1999,60.0,,
Romania,1999,150.0,,
Rwanda,1999,21.0,,
Sudan,1999,5100.0,,
Senegal,1999,1000.0,,
Singapore,1999,60.0,1.34,1340.0
Sierra Leone,1999,350.0,,
El Salvador,1999,600.0,1.23,1230.0
Somalia,1999,2500.0,,
Serbia,1999,350.0,,
South Sudan,1999,,,
Sao Tome and Principe,1999,60.0,,
Suriname,1999,600.0,,
Slovak Republic,1999,60.0,3.32,3320.0
Slovenia,1999,60.0,2.12,2120.0
Sweden,1999,60.0,2.97,2970.0
Eswatini,1999,4700.0,,
Chad,1999,7000.0,0.029,29.0
Togo,1999,4800.0,,
Thailand,1999,55.0,0.291,291.0
Tajikistan,1999,120.0,2.1,2100.0
Trinidad and Tobago,1999,600.0,0.882,882.0
Tunisia,1999,60.0,0.73,730.0
Turkey,1999,60.0,1.26,1260.0
Tanzania,1999,120.0,,
Uganda,1999,110.0,,
Ukraine,1999,4300.0,2.99,2990.0
Uruguay,1999,350.0,3.75,3750.0
USA,1999,25.0,,
Uzbekistan,1999,60.0,,
Venezuela,1999,3400.0,,
Vietnam,1999,3600.0,0.515,515.0
Yemen,1999,350.0,,
South Africa,1999,120.0,,
Zambia,1999,63.0,,
Zimbabwe,1999,140.0,,
Afghanistan,2000,150.0,,
Angola,2000,9200.0,,
Argentina,2000,2700.0,,
Armenia,2000,150.0,2.62,2620.0
Australia,2000,150.0,2.49,2490.0
Austria,2000,60.0,3.88,3880.0
Azerbaijan,2000,150.0,3.54,3540.0
Burundi,2000,14.0,0.052,52.0
Belgium,2000,60.0,2.83,2830.0
Benin,2000,3000.0,,
Burkina Faso,2000,15.0,,
Bangladesh,2000,60.0,,
Bulgaria,2000,60.0,3.4,3400.0
Bahamas,2000,600.0,,
Belarus,2000,60.0,3.3,3300.0
Belize,2000,350.0,1.04,1040.0
Bolivia,2000,2200.0,,
Brazil,2000,10.0,,
Barbados,2000,60.0,1.38,1380.0
Bhutan,2000,60.0,,
Botswana,2000,13.0,0.289,289.0
Central African Republic,2000,14.0,,
Canada,2000,350.0,,
Switzerland,2000,60.0,3.51,3510.0
China,2000,,1.27,1270.0
Cote d'Ivoire,2000,48.0,,
Cameroon,2000,27.0,,
"Congo, Rep.",2000,5700.0,,
Colombia,2000,8900.0,1.26,1260.0
Comoros,2000,60.0,,
Costa Rica,2000,350.0,1.31,1310.0
Cuba,2000,350.0,5.94,5940.0
Czech Republic,2000,60.0,3.38,3380.0
Germany,2000,600.0,3.27,3270.0
Djibouti,2000,600.0,,
Denmark,2000,60.0,2.91,2910.0
Dominican Republic,2000,3700.0,1.83,1830.0
Algeria,2000,120.0,,
Ecuador,2000,2000.0,1.45,1450.0
Egypt,2000,120.0,2.12,2120.0
Eritrea,2000,1600.0,0.042,42.0
Spain,2000,2000.0,3.12,3120.0
Estonia,2000,60.0,2.94,2940.0
Finland,2000,60.0,2.5,2500.0
Fiji,2000,60.0,,
France,2000,1800.0,3.38,3380.0
Gabon,2000,1800.0,,
UK,2000,350.0,1.99,1990.0
Georgia,2000,60.0,3.92,3920.0
Ghana,2000,15.0,,
Guinea,2000,6100.0,0.092,92.0
Gambia,2000,120.0,,
Guinea-Bissau,2000,600.0,,
Equatorial Guinea,2000,120.0,,
Greece,2000,150.0,,
Guatemala,2000,1500.0,,
Guyana,2000,600.0,0.482,482.0
Honduras,2000,7000.0,0.552,552.0
Croatia,2000,60.0,2.29,2290.0
Haiti,2000,12.0,,
Hungary,2000,350.0,2.69,2690.0
Indonesia,2000,60.0,,
India,2000,120.0,,
Ireland,2000,60.0,2.24,2240.0
Iran,2000,2500.0,,
Iceland,2000,60.0,3.44,3440.0
Israel,2000,60.0,3.69,3690.0
Italy,2000,600.0,3.44,3440.0
Jamaica,2000,2900.0,,
Japan,2000,150.0,1.94,1940.0
Kazakhstan,2000,350.0,3.21,3210.0
Kenya,2000,120.0,,
Kyrgyz Republic,2000,60.0,2.8,2800.0
Cambodia,2000,6900.0,0.169,169.0
South Korea,2000,60.0,1.3,1300.0
Lao,2000,60.0,0.279,279.0
Lebanon,2000,60.0,,
Liberia,2000,3500.0,,
Sri Lanka,2000,60.0,0.424,424.0
Lesotho,2000,12.0,,
Lithuania,2000,60.0,3.53,3530.0
Luxembourg,2000,60.0,2.15,2150.0
Latvia,2000,150.0,2.85,2850.0
Morocco,2000,600.0,,
Moldova,2000,600.0,2.43,2430.0
Madagascar,2000,1300.0,,
Maldives,2000,60.0,,
Mexico,2000,7900.0,1.64,1640.0
Mali,2000,6900.0,0.044,44.0
Malta,2000,60.0,2.56,2560.0
Myanmar,2000,8600.0,0.302,302.0
Mongolia,2000,60.0,,
Mozambique,2000,36.0,0.024,24.0
Mauritania,2000,600.0,,
Mauritius,2000,350.0,0.888,888.0
Malawi,2000,59.0,,
Malaysia,2000,3500.0,0.681,681.0
Namibia,2000,7200.0,,
Niger,2000,2900.0,,
Nigeria,2000,130.0,0.269,269.0
Nicaragua,2000,150.0,,
Netherlands,2000,350.0,2.45,2450.0
Norway,2000,60.0,3.38,3380.0
Nepal,2000,3700.0,,
New Zealand,2000,60.0,2.23,2230.0
Oman,2000,60.0,1.39,1390.0
Pakistan,2000,1100.0,0.595,595.0
Panama,2000,2000.0,,
Peru,2000,6400.0,,
Philippines,2000,60.0,1.22,1220.0
Papua New Guinea,2000,1400.0,0.05,50.0
Poland,2000,150.0,2.21,2210.0
Portugal,2000,350.0,3.2,3200.0
Qatar,2000,60.0,,
Romania,2000,150.0,1.97,1970.0
Rwanda,2000,21.0,,
Sudan,2000,5600.0,0.158,158.0
Senegal,2000,1200.0,,
Singapore,2000,60.0,1.38,1380.0
Sierra Leone,2000,600.0,,
El Salvador,2000,600.0,,
Somalia,2000,2700.0,,
Serbia,2000,350.0,,
South Sudan,2000,,,
Sao Tome and Principe,2000,60.0,,
Suriname,2000,600.0,0.399,399.0
Slovak Republic,2000,60.0,3.24,3240.0
Slovenia,2000,60.0,2.16,2160.0
Sweden,2000,60.0,3.03,3030.0
Eswatini,2000,5700.0,,
Chad,2000,7900.0,0.029,29.0
Togo,2000,5600.0,,
Thailand,2000,56.0,,
Tajikistan,2000,120.0,2.15,2150.0
Trinidad and Tobago,2000,600.0,0.957,957.0
Tunisia,2000,60.0,0.752,752.0
Turkey,2000,60.0,1.33,1330.0
Tanzania,2000,120.0,,
Uganda,2000,100.0,,
Ukraine,2000,6400.0,3.03,3030.0
Uruguay,2000,350.0,,
USA,2000,20.0,2.59,2590.0
Uzbekistan,2000,60.0,2.94,2940.0
Venezuela,2000,3700.0,,
Vietnam,2000,4500.0,,
Yemen,2000,350.0,,
South Africa,2000,160.0,,
Zambia,2000,66.0,,
Zimbabwe,2000,150.0,0.127,127.0
Afghanistan,2001,150.0,0.208,208.0
Angola,2001,10.0,,
Argentina,2001,2800.0,3.25,3250.0
Armenia,2001,150.0,2.55,2550.0
Australia,2001,150.0,2.57,2570.0
Austria,2001,60.0,3.99,3990.0
Azerbaijan,2001,150.0,3.51,3510.0
Burundi,2001,14.0,,
Belgium,2001,60.0,2.84,2840.0
Benin,2001,3100.0,,
Burkina Faso,2001,15.0,0.04,40.0
Bangladesh,2001,60.0,0.247,247.0
Bulgaria,2001,60.0,3.38,3380.0
Bahamas,2001,600.0,,
Belarus,2001,60.0,,
Belize,2001,350.0,,
Bolivia,2001,2200.0,1.18,1180.0
Brazil,2001,11.0,,
Barbados,2001,60.0,1.58,1580.0
Bhutan,2001,60.0,,
Botswana,2001,15.0,0.29,290.0
Central African Republic,2001,15.0,,
Canada,2001,350.0,1.89,1890.0
Switzerland,2001,150.0,3.52,3520.0
China,2001,,1.29,1290.0
Cote d'Ivoire,2001,51.0,,
Cameroon,2001,31.0,,
"Congo, Rep.",2001,5800.0,,
Colombia,2001,9300.0,1.28,1280.0
Comoros,2001,60.0,,
Costa Rica,2001,150.0,,
Cuba,2001,350.0,5.95,5950.0
Czech Republic,2001,60.0,3.44,3440.0
Germany,2001,600.0,3.33,3330.0
Djibouti,2001,600.0,,
Denmark,2001,60.0,2.93,2930.0
Dominican Republic,2001,4000.0,,
Algeria,2001,300.0,,
Ecuador,2001,2200.0,1.55,1550.0
Egypt,2001,120.0,,
Eritrea,2001,1800.0,0.039,39.0
Spain,2001,1800.0,3.13,3130.0
Estonia,2001,120.0,2.78,2780.0
Finland,2001,60.0,2.5,2500.0
Fiji,2001,60.0,,
France,2001,1800.0,3.41,3410.0
Gabon,2001,2000.0,,
UK,2001,350.0,2.04,2040.0
Georgia,2001,60.0,3.85,3850.0
Ghana,2001,16.0,,
Guinea,2001,6300.0,,
Gambia,2001,300.0,,
Guinea-Bissau,2001,600.0,,
Equatorial Guinea,2001,300.0,,
Greece,2001,150.0,,
Guatemala,2001,1700.0,,
Guyana,2001,600.0,,
Honduras,2001,7000.0,,
Croatia,2001,60.0,2.34,2340.0
Haiti,2001,12.0,,
Hungary,2001,350.0,2.89,2890.0
Indonesia,2001,150.0,,
India,2001,140.0,,
Ireland,2001,60.0,2.39,2390.0
Iran,2001,3200.0,,
Iceland,2001,60.0,3.47,3470.0
Israel,2001,60.0,3.71,3710.0
Italy,2001,600.0,3.51,3510.0
Jamaica,2001,3100.0,,
Japan,2001,150.0,,
Kazakhstan,2001,350.0,3.36,3360.0
Kenya,2001,120.0,,
Kyrgyz Republic,2001,60.0,2.69,2690.0
Cambodia,2001,7300.0,,
South Korea,2001,60.0,1.4,1400.0
Lao,2001,150.0,,
Lebanon,2001,60.0,2.62,2620.0
Liberia,2001,3900.0,,
Sri Lanka,2001,150.0,0.443,443.0
Lesotho,2001,14.0,,
Lithuania,2001,60.0,3.54,3540.0
Luxembourg,2001,60.0,2.22,2220.0
Latvia,2001,150.0,2.66,2660.0
Morocco,2001,600.0,0.483,483.0
Moldova,2001,600.0,2.29,2290.0
Madagascar,2001,1300.0,0.087,87.0
Maldives,2001,60.0,,
Mexico,2001,7800.0,1.53,1530.0
Mali,2001,7200.0,,
Malta,2001,60.0,3.04,3040.0
Myanmar,2001,10.0,,
Mongolia,2001,60.0,,
Mozambique,2001,43.0,,
Mauritania,2001,600.0,,
Mauritius,2001,350.0,0.904,904.0
Malawi,2001,63.0,,
Malaysia,2001,3900.0,,
Namibia,2001,8600.0,,
Niger,2001,3200.0,,
Nigeria,2001,150.0,,
Nicaragua,2001,150.0,,
Netherlands,2001,150.0,2.52,2520.0
Norway,2001,60.0,3.54,3540.0
Nepal,2001,4000.0,0.052,52.0
New Zealand,2001,60.0,2.18,2180.0
Oman,2001,60.0,1.43,1430.0
Pakistan,2001,1400.0,0.605,605.0
Panama,2001,2100.0,1.26,1260.0
Peru,2001,6800.0,,
Philippines,2001,60.0,1.22,1220.0
Papua New Guinea,2001,1600.0,,
Poland,2001,150.0,2.24,2240.0
Portugal,2001,350.0,3.25,3250.0
Qatar,2001,60.0,2.22,2220.0
Romania,2001,150.0,2.0,2000.0
Rwanda,2001,21.0,,
Sudan,2001,6000.0,,
Senegal,2001,1400.0,,
Singapore,2001,60.0,1.44,1440.0
Sierra Leone,2001,600.0,,
El Salvador,2001,600.0,,
Somalia,2001,2800.0,,
Serbia,2001,350.0,,
South Sudan,2001,,,
Sao Tome and Principe,2001,60.0,,
Suriname,2001,600.0,,
Slovak Republic,2001,60.0,3.23,3230.0
Slovenia,2001,60.0,2.18,2180.0
Sweden,2001,60.0,3.12,3120.0
Eswatini,2001,6700.0,0.172,172.0
Chad,2001,8900.0,,
Togo,2001,6400.0,0.057,57.0
Thailand,2001,52.0,0.298,298.0
Tajikistan,2001,120.0,2.09,2090.0
Trinidad and Tobago,2001,600.0,0.922,922.0
Tunisia,2001,60.0,0.777,777.0
Turkey,2001,60.0,1.38,1380.0
Tanzania,2001,130.0,,
Uganda,2001,100.0,,
Ukraine,2001,9000.0,3.03,3030.0
Uruguay,2001,350.0,,
USA,2001,20.0,,
Uzbekistan,2001,60.0,2.89,2890.0
Venezuela,2001,3800.0,1.93,1930.0
Vietnam,2001,5500.0,0.53,530.0
Yemen,2001,350.0,,
South Africa,2001,210.0,,
Zambia,2001,68.0,,
Zimbabwe,2001,150.0,,
Afghanistan,2002,150.0,,
Angola,2002,11.0,,
Argentina,2002,2800.0,,
Armenia,2002,350.0,2.5,2500.0
Australia,2002,150.0,2.56,2560.0
Austria,2002,60.0,4.06,4059.9999999999995
Azerbaijan,2002,150.0,3.52,3520.0
Burundi,2002,15.0,,
Belgium,2002,60.0,2.85,2850.0
Benin,2002,3300.0,,
Burkina Faso,2002,14.0,,
Bangladesh,2002,60.0,,
Bulgaria,2002,60.0,3.47,3470.0
Bahamas,2002,600.0,,
Belarus,2002,150.0,,
Belize,2002,350.0,,
Bolivia,2002,2200.0,,
Brazil,2002,12.0,,
Barbados,2002,60.0,,
Bhutan,2002,60.0,,
Botswana,2002,16.0,0.299,299.0
Central African Republic,2002,15.0,,
Canada,2002,350.0,1.9,1900.0
Switzerland,2002,150.0,3.56,3560.0
China,2002,,1.14,1140.0
Cote d'Ivoire,2002,52.0,,
Cameroon,2002,33.0,,
"Congo, Rep.",2002,5800.0,,
Colombia,2002,7800.0,1.32,1320.0
Comoros,2002,60.0,,
Costa Rica,2002,60.0,,
Cuba,2002,150.0,6.0,6000.0
Czech Republic,2002,60.0,3.49,3490.0
Germany,2002,600.0,3.36,3360.0
Djibouti,2002,600.0,,
Denmark,2002,60.0,3.04,3040.0
Dominican Republic,2002,4100.0,,
Algeria,2002,300.0,1.12,1120.0
Ecuador,2002,2300.0,1.57,1570.0
Egypt,2002,120.0,,
Eritrea,2002,2000.0,0.052,52.0
Spain,2002,1700.0,3.13,3130.0
Estonia,2002,120.0,2.96,2960.0
Finland,2002,60.0,2.53,2530.0
Fiji,2002,60.0,,
France,2002,1800.0,3.44,3440.0
Gabon,2002,2300.0,,
UK,2002,350.0,2.11,2110.0
Georgia,2002,60.0,3.99,3990.0
Ghana,2002,18.0,0.09,90.0
Guinea,2002,6500.0,,
Gambia,2002,300.0,,
Guinea-Bissau,2002,600.0,,
Equatorial Guinea,2002,300.0,,
Greece,2002,350.0,,
Guatemala,2002,1900.0,,
Guyana,2002,600.0,,
Honduras,2002,6800.0,,
Croatia,2002,60.0,2.36,2360.0
Haiti,2002,12.0,,
Hungary,2002,350.0,3.2,3200.0
Indonesia,2002,350.0,,
India,2002,160.0,,
Ireland,2002,60.0,2.42,2420.0
Iran,2002,3900.0,,
Iceland,2002,60.0,3.58,3580.0
Israel,2002,60.0,3.72,3720.0
Italy,2002,600.0,3.56,3560.0
Jamaica,2002,3200.0,,
Japan,2002,150.0,1.98,1980.0
Kazakhstan,2002,600.0,3.5,3500.0
Kenya,2002,130.0,0.138,138.0
Kyrgyz Republic,2002,60.0,2.57,2570.0
Cambodia,2002,7600.0,,
South Korea,2002,60.0,1.5,1500.0
Lao,2002,150.0,,
Lebanon,2002,60.0,,
Liberia,2002,4100.0,,
Sri Lanka,2002,150.0,,
Lesotho,2002,16.0,,
Lithuania,2002,60.0,3.63,3630.0
Luxembourg,2002,60.0,2.27,2270.0
Latvia,2002,150.0,2.77,2770.0
Morocco,2002,600.0,,
Moldova,2002,600.0,2.33,2330.0
Madagascar,2002,1400.0,0.133,133.0
Maldives,2002,60.0,,
Mexico,2002,7600.0,1.54,1540.0
Mali,2002,7400.0,,
Malta,2002,60.0,3.22,3220.0
Myanmar,2002,12.0,,
Mongolia,2002,60.0,2.7,2700.0
Mozambique,2002,50.0,,
Mauritania,2002,600.0,,
Mauritius,2002,350.0,0.961,961.0
Malawi,2002,67.0,,
Malaysia,2002,4400.0,0.723,723.0
Namibia,2002,10.0,,
Niger,2002,3400.0,0.033,33.0
Nigeria,2002,170.0,,
Nicaragua,2002,150.0,,
Netherlands,2002,150.0,2.59,2590.0
Norway,2002,60.0,3.22,3220.0
Nepal,2002,4300.0,,
New Zealand,2002,60.0,2.13,2130.0
Oman,2002,60.0,1.47,1470.0
Pakistan,2002,1700.0,,
Panama,2002,2200.0,1.35,1350.0
Peru,2002,7000.0,,
Philippines,2002,60.0,1.11,1110.0
Papua New Guinea,2002,1700.0,,
Poland,2002,150.0,2.28,2280.0
Portugal,2002,350.0,3.29,3290.0
Qatar,2002,60.0,,
Romania,2002,150.0,2.12,2120.0
Rwanda,2002,21.0,0.019,19.0
Sudan,2002,6300.0,,
Senegal,2002,1500.0,,
Singapore,2002,120.0,1.44,1440.0
Sierra Leone,2002,1100.0,,
El Salvador,2002,600.0,1.32,1320.0
Somalia,2002,2900.0,,
Serbia,2002,350.0,,
South Sudan,2002,,,
Sao Tome and Principe,2002,60.0,,
Suriname,2002,600.0,,
Slovak Republic,2002,60.0,3.2,3200.0
Slovenia,2002,60.0,2.24,2240.0
Sweden,2002,60.0,3.21,3210.0
Eswatini,2002,7700.0,,
Chad,2002,10.0,,
Togo,2002,7100.0,,
Thailand,2002,47.0,0.296,296.0
Tajikistan,2002,300.0,2.0,2000.0
Trinidad and Tobago,2002,600.0,0.783,783.0
Tunisia,2002,60.0,0.789,789.0
Turkey,2002,60.0,1.39,1390.0
Tanzania,2002,130.0,0.023,23.0
Uganda,2002,97.0,0.047,47.0
Ukraine,2002,12.0,3.02,3020.0
Uruguay,2002,350.0,3.75,3750.0
USA,2002,20.0,,
Uzbekistan,2002,60.0,2.83,2830.0
Venezuela,2002,3400.0,,
Vietnam,2002,6800.0,0.558,558.0
Yemen,2002,600.0,,
South Africa,2002,260.0,,
Zambia,2002,69.0,,
Zimbabwe,2002,160.0,,
Afghanistan,2003,150.0,,
Angola,2003,12.0,,
Argentina,2003,2900.0,,
Armenia,2003,350.0,2.4,2400.0
Australia,2003,150.0,2.63,2630.0
Austria,2003,60.0,4.15,4150.0
Azerbaijan,2003,350.0,3.51,3510.0
Burundi,2003,15.0,,
Belgium,2003,60.0,2.85,2850.0
Benin,2003,3500.0,,
Burkina Faso,2003,14.0,,
Bangladesh,2003,60.0,0.268,268.0
Bulgaria,2003,150.0,3.55,3550.0
Bahamas,2003,600.0,,
Belarus,2003,300.0,,
Belize,2003,350.0,,
Bolivia,2003,2200.0,,
Brazil,2003,12.0,,
Barbados,2003,60.0,,
Bhutan,2003,60.0,,
Botswana,2003,17.0,0.288,288.0
Central African Republic,2003,16.0,,
Canada,2003,350.0,,
Switzerland,2003,60.0,3.66,3660.0
China,2003,,1.19,1190.0
Cote d'Ivoire,2003,53.0,,
Cameroon,2003,35.0,,
"Congo, Rep.",2003,5900.0,,
Colombia,2003,8000.0,1.35,1350.0
Comoros,2003,60.0,,
Costa Rica,2003,60.0,,
Cuba,2003,60.0,6.07,6070.0
Czech Republic,2003,60.0,3.51,3510.0
Germany,2003,600.0,3.4,3400.0
Djibouti,2003,600.0,,
Denmark,2003,60.0,3.08,3080.0
Dominican Republic,2003,4300.0,,
Algeria,2003,300.0,,
Ecuador,2003,2500.0,1.5,1500.0
Egypt,2003,300.0,0.507,507.0
Eritrea,2003,2100.0,0.039,39.0
Spain,2003,1700.0,3.22,3220.0
Estonia,2003,300.0,3.0,3000.0
Finland,2003,60.0,2.56,2560.0
Fiji,2003,60.0,0.443,443.0
France,2003,1800.0,3.45,3450.0
Gabon,2003,2500.0,,
UK,2003,350.0,2.2,2200.0
Georgia,2003,60.0,4.04,4040.0
Ghana,2003,19.0,,
Guinea,2003,6600.0,,
Gambia,2003,300.0,0.1,100.0
Guinea-Bissau,2003,600.0,,
Equatorial Guinea,2003,300.0,,
Greece,2003,350.0,,
Guatemala,2003,2000.0,,
Guyana,2003,600.0,,
Honduras,2003,6500.0,,
Croatia,2003,60.0,2.42,2420.0
Haiti,2003,11.0,,
Hungary,2003,350.0,3.25,3250.0
Indonesia,2003,600.0,0.132,132.0
India,2003,180.0,,
Ireland,2003,60.0,2.59,2590.0
Iran,2003,4600.0,,
Iceland,2003,60.0,3.61,3610.0
Israel,2003,60.0,3.71,3710.0
Italy,2003,600.0,3.62,3620.0
Jamaica,2003,3300.0,0.85,850.0
Japan,2003,150.0,,
Kazakhstan,2003,600.0,3.54,3540.0
Kenya,2003,130.0,,
Kyrgyz Republic,2003,60.0,2.54,2540.0
Cambodia,2003,7600.0,,
South Korea,2003,150.0,1.58,1580.0
Lao,2003,350.0,,
Lebanon,2003,60.0,,
Liberia,2003,4200.0,,
Sri Lanka,2003,150.0,,
Lesotho,2003,18.0,0.045,45.0
Lithuania,2003,60.0,3.61,3610.0
Luxembourg,2003,60.0,2.4,2400.0
Latvia,2003,350.0,2.82,2820.0
Morocco,2003,600.0,,
Moldova,2003,600.0,2.33,2330.0
Madagascar,2003,1400.0,0.144,144.0
Maldives,2003,60.0,,
Mexico,2003,7200.0,1.59,1590.0
Mali,2003,7400.0,,
Malta,2003,60.0,3.08,3080.0
Myanmar,2003,13.0,,
Mongolia,2003,60.0,,
Mozambique,2003,58.0,,
Mauritania,2003,600.0,,
Mauritius,2003,350.0,0.944,944.0
Malawi,2003,71.0,0.011,11.0
Malaysia,2003,4500.0,0.735,735.0
Namibia,2003,11.0,,
Niger,2003,3700.0,,
Nigeria,2003,190.0,0.262,262.0
Nicaragua,2003,150.0,0.384,384.0
Netherlands,2003,150.0,2.63,2630.0
Norway,2003,60.0,3.23,3230.0
Nepal,2003,4500.0,,
New Zealand,2003,60.0,2.18,2180.0
Oman,2003,60.0,1.53,1530.0
Pakistan,2003,2200.0,,
Panama,2003,2200.0,1.35,1350.0
Peru,2003,6900.0,,
Philippines,2003,60.0,1.23,1230.0
Papua New Guinea,2003,1900.0,,
Poland,2003,150.0,2.41,2410.0
Portugal,2003,350.0,3.34,3340.0
Qatar,2003,60.0,,
Romania,2003,350.0,,
Rwanda,2003,21.0,,
Sudan,2003,6400.0,,
Senegal,2003,1600.0,,
Singapore,2003,120.0,1.49,1490.0
Sierra Leone,2003,1400.0,,
El Salvador,2003,600.0,,
Somalia,2003,3000.0,,
Serbia,2003,350.0,2.6,2600.0
South Sudan,2003,,,
Sao Tome and Principe,2003,60.0,,
Suriname,2003,600.0,,
Slovak Republic,2003,60.0,3.15,3150.0
Slovenia,2003,60.0,2.25,2250.0
Sweden,2003,60.0,3.28,3280.0
Eswatini,2003,8500.0,0.151,151.0
Chad,2003,11.0,,
Togo,2003,7600.0,,
Thailand,2003,39.0,,
Tajikistan,2003,300.0,1.9,1900.0
Trinidad and Tobago,2003,600.0,0.767,767.0
Tunisia,2003,60.0,0.803,803.0
Turkey,2003,120.0,1.41,1410.0
Tanzania,2003,130.0,,
Uganda,2003,93.0,,
Ukraine,2003,15.0,3.01,3010.0
Uruguay,2003,600.0,,
USA,2003,20.0,,
Uzbekistan,2003,60.0,2.77,2770.0
Venezuela,2003,3000.0,,
Vietnam,2003,8200.0,,
Yemen,2003,600.0,,
South Africa,2003,300.0,,
Zambia,2003,71.0,,
Zimbabwe,2003,160.0,,
Afghanistan,2004,350.0,,
Angola,2004,12.0,0.062,62.0
Argentina,2004,3100.0,3.19,3190.0
Armenia,2004,350.0,2.41,2410.0
Australia,2004,150.0,2.71,2710.0
Austria,2004,60.0,4.23,4230.0
Azerbaijan,2004,350.0,3.51,3510.0
Burundi,2004,15.0,0.028,28.0
Belgium,2004,60.0,2.86,2860.0
Benin,2004,3600.0,0.039,39.0
Burkina Faso,2004,13.0,0.053,53.0
Bangladesh,2004,60.0,0.277,277.0
Bulgaria,2004,150.0,3.48,3480.0
Bahamas,2004,600.0,,
Belarus,2004,300.0,,
Belize,2004,350.0,,
Bolivia,2004,2200.0,,
Brazil,2004,13.0,,
Barbados,2004,60.0,,
Bhutan,2004,60.0,0.182,182.0
Botswana,2004,15.0,0.385,385.0
Central African Republic,2004,16.0,0.08,80.0
Canada,2004,350.0,1.9,1900.0
Switzerland,2004,60.0,3.7,3700.0
China,2004,,1.22,1220.0
Cote d'Ivoire,2004,53.0,0.112,112.0
Cameroon,2004,36.0,0.186,186.0
"Congo, Rep.",2004,5900.0,0.213,213.0
Colombia,2004,8700.0,1.39,1390.0
Comoros,2004,60.0,0.198,198.0
Costa Rica,2004,150.0,,
Cuba,2004,60.0,6.21,6210.0
Czech Republic,2004,60.0,3.5,3500.0
Germany,2004,600.0,3.43,3430.0
Djibouti,2004,600.0,0.158,158.0
Denmark,2004,60.0,3.22,3220.0
Dominican Republic,2004,4400.0,,
Algeria,2004,300.0,,
Ecuador,2004,2600.0,,
Egypt,2004,300.0,,
Eritrea,2004,2200.0,0.051,51.0
Spain,2004,1700.0,3.44,3440.0
Estonia,2004,300.0,3.02,3020.0
Finland,2004,60.0,3.65,3650.0
Fiji,2004,60.0,,
France,2004,1800.0,3.47,3470.0
Gabon,2004,2500.0,0.279,279.0
UK,2004,350.0,2.33,2330.0
Georgia,2004,60.0,4.03,4030.0000000000005
Ghana,2004,20.0,0.148,148.0
Guinea,2004,6700.0,0.11,110.0
Gambia,2004,300.0,0.103,103.0
Guinea-Bissau,2004,1100.0,0.14,140.0
Equatorial Guinea,2004,300.0,0.185,185.0
Greece,2004,350.0,,
Guatemala,2004,1600.0,,
Guyana,2004,600.0,,
Honduras,2004,5800.0,,
Croatia,2004,60.0,2.5,2500.0
Haiti,2004,11.0,,
Hungary,2004,150.0,3.34,3340.0
Indonesia,2004,1200.0,,
India,2004,190.0,,
Ireland,2004,60.0,2.76,2760.0
Iran,2004,5200.0,0.88,880.0
Iceland,2004,60.0,3.61,3610.0
Israel,2004,60.0,3.68,3680.0
Italy,2004,600.0,3.69,3690.0
Jamaica,2004,3300.0,,
Japan,2004,150.0,2.03,2029.9999999999998
Kazakhstan,2004,600.0,3.53,3530.0
Kenya,2004,130.0,,
Kyrgyz Republic,2004,60.0,2.51,2510.0
Cambodia,2004,7200.0,,
South Korea,2004,150.0,1.58,1580.0
Lao,2004,350.0,0.347,347.0
Lebanon,2004,60.0,,
Liberia,2004,4300.0,0.033,33.0
Sri Lanka,2004,150.0,0.538,538.0
Lesotho,2004,19.0,,
Lithuania,2004,60.0,3.58,3580.0
Luxembourg,2004,60.0,2.46,2460.0
Latvia,2004,350.0,2.92,2920.0
Morocco,2004,600.0,0.532,532.0
Moldova,2004,1000.0,2.25,2250.0
Madagascar,2004,1500.0,0.152,152.0
Maldives,2004,60.0,1.0,1000.0
Mexico,2004,6700.0,1.66,1660.0
Mali,2004,7100.0,0.057,57.0
Malta,2004,60.0,,
Myanmar,2004,15.0,0.376,376.0
Mongolia,2004,60.0,,
Mozambique,2004,65.0,0.026,26.0
Mauritania,2004,600.0,0.106,106.0
Mauritius,2004,350.0,1.04,1040.0
Malawi,2004,74.0,0.021,21.0
Malaysia,2004,4600.0,0.72,720.0
Namibia,2004,12.0,0.308,308.0
Niger,2004,4000.0,0.022,22.0
Nigeria,2004,210.0,,
Nicaragua,2004,150.0,,
Netherlands,2004,150.0,2.66,2660.0
Norway,2004,60.0,3.4,3400.0
Nepal,2004,4800.0,0.207,207.0
New Zealand,2004,60.0,2.19,2190.0
Oman,2004,60.0,1.57,1570.0
Pakistan,2004,2700.0,0.682,682.0
Panama,2004,2100.0,1.33,1330.0
Peru,2004,6700.0,,
Philippines,2004,120.0,1.11,1110.0
Papua New Guinea,2004,2000.0,,
Poland,2004,150.0,2.27,2270.0
Portugal,2004,350.0,3.41,3410.0
Qatar,2004,60.0,,
Romania,2004,350.0,2.26,2260.0
Rwanda,2004,21.0,0.049,49.0
Sudan,2004,6400.0,0.262,262.0
Senegal,2004,1700.0,0.056,56.0
Singapore,2004,120.0,1.52,1520.0
Sierra Leone,2004,1700.0,0.03,30.0
El Salvador,2004,600.0,,
Somalia,2004,3100.0,,
Serbia,2004,350.0,2.67,2670.0
South Sudan,2004,,,
Sao Tome and Principe,2004,60.0,0.514,514.0
Suriname,2004,600.0,0.783,783.0
Slovak Republic,2004,60.0,3.15,3150.0
Slovenia,2004,60.0,2.3,2300.0
Sweden,2004,60.0,3.37,3370.0
Eswatini,2004,9300.0,0.16,160.0
Chad,2004,12.0,0.036,36.0
Togo,2004,8000.0,0.044,44.0
Thailand,2004,27.0,0.29,290.0
Tajikistan,2004,300.0,1.91,1910.0
Trinidad and Tobago,2004,600.0,,
Tunisia,2004,60.0,1.29,1290.0
Turkey,2004,120.0,1.43,1430.0
Tanzania,2004,130.0,,
Uganda,2004,89.0,0.081,81.0
Ukraine,2004,18.0,3.01,3010.0
Uruguay,2004,600.0,,
USA,2004,20.0,2.7,2700.0
Uzbekistan,2004,60.0,2.71,2710.0
Venezuela,2004,2800.0,,
Vietnam,2004,9800.0,,
Yemen,2004,600.0,0.325,325.0
South Africa,2004,340.0,0.717,717.0
Zambia,2004,70.0,0.134,134.0
Zimbabwe,2004,150.0,0.172,172.0
Afghanistan,2005,350.0,,
Angola,2005,13.0,,
Argentina,2005,3200.0,,
Armenia,2005,350.0,2.51,2510.0
Australia,2005,150.0,2.78,2780.0
Austria,2005,60.0,4.35,4350.0
Azerbaijan,2005,350.0,3.53,3530.0
Burundi,2005,15.0,,
Belgium,2005,60.0,2.86,2860.0
Benin,2005,3700.0,,
Burkina Faso,2005,12.0,,
Bangladesh,2005,120.0,0.304,304.0
Bulgaria,2005,150.0,3.6,3600.0
Bahamas,2005,600.0,,
Belarus,2005,300.0,,
Belize,2005,350.0,,
Bolivia,2005,2200.0,,
Brazil,2005,13.0,,
Barbados,2005,60.0,1.81,1810.0
Bhutan,2005,60.0,,
Botswana,2005,12.0,0.246,246.0
Central African Republic,2005,15.0,,
Canada,2005,350.0,,
Switzerland,2005,60.0,3.74,3740.0
China,2005,,1.24,1240.0
Cote d'Ivoire,2005,50.0,0.09,90.0
Cameroon,2005,38.0,0.061,61.0
"Congo, Rep.",2005,5700.0,,
Colombia,2005,9300.0,1.43,1430.0
Comoros,2005,60.0,0.196,196.0
Costa Rica,2005,150.0,,
Cuba,2005,150.0,6.28,6280.0
Czech Republic,2005,60.0,3.54,3540.0
Germany,2005,600.0,3.45,3450.0
Djibouti,2005,600.0,0.169,169.0
Denmark,2005,60.0,3.32,3320.0
Dominican Republic,2005,4300.0,,
Algeria,2005,600.0,1.03,1030.0
Ecuador,2005,2600.0,,
Egypt,2005,300.0,,
Eritrea,2005,2200.0,0.043,43.0
Spain,2005,1700.0,3.54,3540.0
Estonia,2005,300.0,3.14,3140.0
Finland,2005,60.0,3.67,3670.0
Fiji,2005,60.0,,
France,2005,1500.0,3.48,3480.0
Gabon,2005,2300.0,,
UK,2005,350.0,2.41,2410.0
Georgia,2005,60.0,4.06,4059.9999999999995
Ghana,2005,20.0,,
Guinea,2005,6400.0,0.103,103.0
Gambia,2005,300.0,0.1,100.0
Guinea-Bissau,2005,1200.0,,
Equatorial Guinea,2005,600.0,,
Greece,2005,350.0,5.0,5000.0
Guatemala,2005,1800.0,,
Guyana,2005,600.0,,
Honduras,2005,5100.0,0.354,354.0
Croatia,2005,60.0,2.51,2510.0
Haiti,2005,11.0,,
Hungary,2005,150.0,2.79,2790.0
Indonesia,2005,2200.0,,
India,2005,200.0,,
Ireland,2005,60.0,3.56,3560.0
Iran,2005,5800.0,0.882,882.0
Iceland,2005,60.0,3.61,3610.0
Israel,2005,60.0,3.63,3630.0
Italy,2005,600.0,3.71,3710.0
Jamaica,2005,3200.0,,
Japan,2005,150.0,,
Kazakhstan,2005,600.0,3.55,3550.0
Kenya,2005,120.0,,
Kyrgyz Republic,2005,60.0,2.46,2460.0
Cambodia,2005,6200.0,,
South Korea,2005,150.0,1.64,1640.0
Lao,2005,350.0,0.268,268.0
Lebanon,2005,150.0,,
Liberia,2005,4300.0,,
Sri Lanka,2005,150.0,0.518,518.0
Lesotho,2005,19.0,,
Lithuania,2005,60.0,3.66,3660.0
Luxembourg,2005,60.0,2.56,2560.0
Latvia,2005,350.0,2.97,2970.0
Morocco,2005,600.0,,
Moldova,2005,1100.0,2.47,2470.0
Madagascar,2005,1500.0,0.176,176.0
Maldives,2005,60.0,,
Mexico,2005,6700.0,1.77,1770.0
Mali,2005,6100.0,0.062,62.0
Malta,2005,60.0,,
Myanmar,2005,16.0,0.389,389.0
Mongolia,2005,60.0,,
Mozambique,2005,71.0,,
Mauritania,2005,1000.0,,
Mauritius,2005,600.0,1.07,1070.0
Malawi,2005,77.0,,
Malaysia,2005,4900.0,0.776,776.0
Namibia,2005,13.0,,
Niger,2005,4200.0,,
Nigeria,2005,210.0,0.279,279.0
Nicaragua,2005,350.0,0.498,498.0
Netherlands,2005,150.0,2.72,2720.0
Norway,2005,60.0,3.56,3560.0
Nepal,2005,4900.0,,
New Zealand,2005,60.0,2.11,2110.0
Oman,2005,60.0,1.66,1660.0
Pakistan,2005,3300.0,0.725,725.0
Panama,2005,2000.0,1.36,1360.0
Peru,2005,6700.0,,
Philippines,2005,120.0,1.23,1230.0
Papua New Guinea,2005,2100.0,,
Poland,2005,150.0,2.12,2120.0
Portugal,2005,350.0,3.5,3500.0
Qatar,2005,60.0,2.53,2530.0
Romania,2005,350.0,2.25,2250.0
Rwanda,2005,20.0,0.024,24.0
Sudan,2005,6300.0,,
Senegal,2005,1800.0,,
Singapore,2005,60.0,1.55,1550.0
Sierra Leone,2005,2000.0,,
El Salvador,2005,600.0,1.72,1720.0
Somalia,2005,3100.0,,
Serbia,2005,150.0,2.65,2650.0
South Sudan,2005,,,
Sao Tome and Principe,2005,60.0,,
Suriname,2005,600.0,,
Slovak Republic,2005,60.0,3.04,3040.0
Slovenia,2005,60.0,2.34,2340.0
Sweden,2005,60.0,3.45,3450.0
Eswatini,2005,9900.0,,
Chad,2005,13.0,,
Togo,2005,7900.0,,
Thailand,2005,21.0,,
Tajikistan,2005,300.0,1.92,1920.0
Trinidad and Tobago,2005,600.0,,
Tunisia,2005,60.0,0.907,907.0
Turkey,2005,120.0,1.47,1470.0
Tanzania,2005,130.0,,
Uganda,2005,82.0,0.12,120.0
Ukraine,2005,20.0,3.02,3020.0
Uruguay,2005,600.0,,
USA,2005,20.0,,
Uzbekistan,2005,120.0,2.65,2650.0
Venezuela,2005,2700.0,,
Vietnam,2005,11.0,0.619,619.0
Yemen,2005,600.0,,
South Africa,2005,370.0,,
Zambia,2005,65.0,0.056,56.0
Zimbabwe,2005,150.0,0.124,124.0
Afghanistan,2006,350.0,0.166,166.0
Angola,2006,13.0,,
Argentina,2006,3200.0,,
Armenia,2006,350.0,2.53,2530.0
Australia,2006,150.0,2.84,2840.0
Austria,2006,60.0,4.48,4480.0
Azerbaijan,2006,350.0,3.51,3510.0
Burundi,2006,15.0,,
Belgium,2006,60.0,2.88,2880.0
Benin,2006,3500.0,,
Burkina Faso,2006,10.0,,
Bangladesh,2006,120.0,0.313,313.0
Bulgaria,2006,150.0,3.62,3620.0
Bahamas,2006,350.0,,
Belarus,2006,300.0,,
Belize,2006,350.0,,
Bolivia,2006,2100.0,,
Brazil,2006,12.0,,
Barbados,2006,60.0,,
Bhutan,2006,60.0,,
Botswana,2006,10.0,0.306,306.0
Central African Republic,2006,15.0,,
Canada,2006,350.0,1.91,1910.0
Switzerland,2006,60.0,3.79,3790.0
China,2006,,1.28,1280.0
Cote d'Ivoire,2006,47.0,,
Cameroon,2006,39.0,,
"Congo, Rep.",2006,5100.0,0.205,205.0
Colombia,2006,9900.0,1.47,1470.0
Comoros,2006,60.0,,
Costa Rica,2006,150.0,2.03,2029.9999999999998
Cuba,2006,150.0,6.35,6350.0
Czech Republic,2006,60.0,3.55,3550.0
Germany,2006,600.0,3.49,3490.0
Djibouti,2006,600.0,0.218,218.0
Denmark,2006,60.0,3.41,3410.0
Dominican Republic,2006,3900.0,,
Algeria,2006,600.0,,
Ecuador,2006,2600.0,,
Egypt,2006,300.0,,
Eritrea,2006,2000.0,0.047,47.0
Spain,2006,1700.0,3.62,3620.0
Estonia,2006,300.0,3.18,3180.0
Finland,2006,60.0,3.69,3690.0
Fiji,2006,60.0,,
France,2006,1200.0,3.47,3470.0
Gabon,2006,2300.0,,
UK,2006,350.0,2.46,2460.0
Georgia,2006,60.0,4.12,4120.0
Ghana,2006,20.0,,
Guinea,2006,5900.0,,
Gambia,2006,300.0,0.102,102.0
Guinea-Bissau,2006,1300.0,,
Equatorial Guinea,2006,600.0,,
Greece,2006,350.0,5.37,5370.0
Guatemala,2006,2100.0,,
Guyana,2006,350.0,,
Honduras,2006,4600.0,,
Croatia,2006,60.0,2.55,2550.0
Haiti,2006,10.0,,
Hungary,2006,150.0,3.04,3040.0
Indonesia,2006,3300.0,,
India,2006,200.0,,
Ireland,2006,60.0,3.66,3660.0
Iran,2006,6400.0,0.531,531.0
Iceland,2006,60.0,3.6,3600.0
Israel,2006,60.0,3.6,3600.0
Italy,2006,600.0,3.71,3710.0
Jamaica,2006,2800.0,,
Japan,2006,150.0,2.08,2080.0
Kazakhstan,2006,600.0,3.63,3630.0
Kenya,2006,110.0,,
Kyrgyz Republic,2006,60.0,2.39,2390.0
Cambodia,2006,4800.0,,
South Korea,2006,150.0,1.7,1700.0
Lao,2006,350.0,,
Lebanon,2006,150.0,2.49,2490.0
Liberia,2006,4200.0,,
Sri Lanka,2006,150.0,0.517,517.0
Lesotho,2006,18.0,,
Lithuania,2006,60.0,3.73,3730.0
Luxembourg,2006,60.0,2.58,2580.0
Latvia,2006,350.0,3.05,3050.0
Morocco,2006,1000.0,,
Moldova,2006,1100.0,2.5,2500.0
Madagascar,2006,1600.0,0.166,166.0
Maldives,2006,60.0,,
Mexico,2006,6600.0,1.89,1890.0
Mali,2006,5200.0,0.058,58.0
Malta,2006,60.0,,
Myanmar,2006,17.0,0.426,426.0
Mongolia,2006,60.0,,
Mozambique,2006,74.0,0.026,26.0
Mauritania,2006,1100.0,,
Mauritius,2006,600.0,1.11,1110.0
Malawi,2006,75.0,,
Malaysia,2006,5200.0,0.828,828.0
Namibia,2006,12.0,,
Niger,2006,4300.0,,
Nigeria,2006,220.0,0.344,344.0
Nicaragua,2006,350.0,0.491,491.0
Netherlands,2006,150.0,2.8,2800.0
Norway,2006,60.0,3.73,3730.0
Nepal,2006,4900.0,,
New Zealand,2006,60.0,2.27,2270.0
Oman,2006,60.0,1.79,1790.0
Pakistan,2006,4000.0,,
Panama,2006,1900.0,1.36,1360.0
Peru,2006,6300.0,,
Philippines,2006,120.0,1.24,1240.0
Papua New Guinea,2006,2100.0,,
Poland,2006,150.0,2.16,2160.0
Portugal,2006,350.0,3.56,3560.0
Qatar,2006,60.0,2.28,2280.0
Romania,2006,350.0,2.25,2250.0
Rwanda,2006,16.0,,
Sudan,2006,6200.0,0.365,365.0
Senegal,2006,1600.0,,
Singapore,2006,60.0,1.54,1540.0
Sierra Leone,2006,2200.0,,
El Salvador,2006,350.0,,
Somalia,2006,3100.0,0.028,28.0
Serbia,2006,150.0,2.68,2680.0
South Sudan,2006,,,
Sao Tome and Principe,2006,60.0,,
Suriname,2006,600.0,,
Slovak Republic,2006,60.0,3.17,3170.0
Slovenia,2006,60.0,2.35,2350.0
Sweden,2006,60.0,3.53,3530.0
Eswatini,2006,9800.0,,
Chad,2006,13.0,0.036,36.0
Togo,2006,8000.0,,
Thailand,2006,21.0,0.285,285.0
Tajikistan,2006,300.0,1.88,1880.0
Trinidad and Tobago,2006,600.0,1.16,1160.0
Tunisia,2006,60.0,,
Turkey,2006,60.0,1.5,1500.0
Tanzania,2006,130.0,,
Uganda,2006,74.0,,
Ukraine,2006,21.0,3.08,3080.0
Uruguay,2006,600.0,,
USA,2006,20.0,,
Uzbekistan,2006,120.0,2.64,2640.0
Venezuela,2006,2700.0,,
Vietnam,2006,13.0,0.629,629.0
Yemen,2006,1100.0,,
South Africa,2006,390.0,,
Zambia,2006,60.0,0.054,54.0
Zimbabwe,2006,140.0,,
Afghanistan,2007,350.0,0.182,182.0
Angola,2007,13.0,,
Argentina,2007,3200.0,,
Armenia,2007,350.0,2.61,2610.0
Australia,2007,150.0,3.01,3010.0
Austria,2007,60.0,4.56,4560.0
Azerbaijan,2007,350.0,3.65,3650.0
Burundi,2007,15.0,,
Belgium,2007,60.0,2.9,2900.0
Benin,2007,3200.0,,
Burkina Faso,2007,9300.0,,
Bangladesh,2007,120.0,0.326,326.0
Bulgaria,2007,150.0,3.61,3610.0
Bahamas,2007,350.0,,
Belarus,2007,600.0,,
Belize,2007,350.0,,
Bolivia,2007,2100.0,0.326,326.0
Brazil,2007,14.0,,
Barbados,2007,60.0,,
Bhutan,2007,60.0,0.211,211.0
Botswana,2007,9200.0,0.36,360.0
Central African Republic,2007,14.0,,
Canada,2007,350.0,,
Switzerland,2007,60.0,3.79,3790.0
China,2007,,1.3,1300.0
Cote d'Ivoire,2007,45.0,,
Cameroon,2007,38.0,0.072,72.0
"Congo, Rep.",2007,4800.0,0.101,101.0
Colombia,2007,9200.0,1.51,1510.0
Comoros,2007,60.0,,
Costa Rica,2007,350.0,2.07,2070.0
Cuba,2007,350.0,6.43,6430.0
Czech Republic,2007,60.0,3.56,3560.0
Germany,2007,600.0,3.53,3530.0
Djibouti,2007,600.0,,
Denmark,2007,60.0,3.45,3450.0
Dominican Republic,2007,3400.0,,
Algeria,2007,600.0,1.2,1200.0
Ecuador,2007,2600.0,,
Egypt,2007,300.0,,
Eritrea,2007,1800.0,0.042,42.0
Spain,2007,1600.0,3.56,3560.0
Estonia,2007,300.0,3.26,3260.0
Finland,2007,60.0,3.73,3730.0
Fiji,2007,60.0,,
France,2007,1200.0,3.45,3450.0
Gabon,2007,2500.0,,
UK,2007,350.0,2.49,2490.0
Georgia,2007,60.0,4.16,4160.0
Ghana,2007,20.0,0.07,70.0
Guinea,2007,5200.0,,
Gambia,2007,600.0,0.09,90.0
Guinea-Bissau,2007,1300.0,,
Equatorial Guinea,2007,600.0,,
Greece,2007,350.0,5.61,5610.0
Guatemala,2007,2000.0,,
Guyana,2007,350.0,,
Honduras,2007,4200.0,,
Croatia,2007,60.0,2.68,2680.0
Haiti,2007,8700.0,,
Hungary,2007,150.0,2.81,2810.0
Indonesia,2007,4900.0,,
India,2007,190.0,,
Ireland,2007,60.0,3.87,3870.0
Iran,2007,6900.0,,
Iceland,2007,60.0,3.61,3610.0
Israel,2007,60.0,3.56,3560.0
Italy,2007,600.0,3.77,3770.0
Jamaica,2007,2600.0,,
Japan,2007,150.0,,
Kazakhstan,2007,1000.0,3.58,3580.0
Kenya,2007,99.0,,
Kyrgyz Republic,2007,150.0,2.31,2310.0
Cambodia,2007,3000.0,,
South Korea,2007,150.0,1.75,1750.0
Lao,2007,350.0,,
Lebanon,2007,150.0,2.33,2330.0
Liberia,2007,4000.0,,
Sri Lanka,2007,350.0,0.549,549.0
Lesotho,2007,16.0,,
Lithuania,2007,60.0,3.83,3830.0
Luxembourg,2007,60.0,2.69,2690.0
Latvia,2007,350.0,3.18,3180.0
Morocco,2007,1100.0,0.585,585.0
Moldova,2007,1100.0,2.54,2540.0
Madagascar,2007,1600.0,0.177,177.0
Maldives,2007,60.0,1.7,1700.0
Mexico,2007,6100.0,1.94,1940.0
Mali,2007,4700.0,0.061,61.0
Malta,2007,60.0,,
Myanmar,2007,17.0,0.45,450.0
Mongolia,2007,60.0,,
Mozambique,2007,74.0,,
Mauritania,2007,1100.0,,
Mauritius,2007,600.0,1.12,1120.0
Malawi,2007,68.0,,
Malaysia,2007,5400.0,0.876,876.0
Namibia,2007,10.0,0.385,385.0
Niger,2007,4300.0,,
Nigeria,2007,220.0,0.373,373.0
Nicaragua,2007,150.0,0.525,525.0
Netherlands,2007,150.0,2.79,2790.0
Norway,2007,60.0,3.84,3840.0
Nepal,2007,4900.0,,
New Zealand,2007,60.0,2.3,2300.0
Oman,2007,60.0,1.88,1880.0
Pakistan,2007,4600.0,0.703,703.0
Panama,2007,1800.0,1.31,1310.0
Peru,2007,5800.0,1.65,1650.0
Philippines,2007,120.0,1.24,1240.0
Papua New Guinea,2007,2000.0,,
Poland,2007,150.0,2.17,2170.0
Portugal,2007,350.0,3.65,3650.0
Qatar,2007,60.0,,
Romania,2007,350.0,2.32,2320.0
Rwanda,2007,12.0,,
Sudan,2007,6000.0,0.364,364.0
Senegal,2007,1700.0,,
Singapore,2007,60.0,1.58,1580.0
Sierra Leone,2007,2500.0,,
El Salvador,2007,350.0,,
Somalia,2007,3100.0,,
Serbia,2007,150.0,2.75,2750.0
South Sudan,2007,,,
Sao Tome and Principe,2007,60.0,,
Suriname,2007,600.0,,
Slovak Republic,2007,60.0,3.39,3390.0
Slovenia,2007,60.0,2.38,2380.0
Sweden,2007,60.0,3.62,3620.0
Eswatini,2007,9200.0,,
Chad,2007,13.0,,
Togo,2007,8400.0,0.048,48.0
Thailand,2007,25.0,0.293,293.0
Tajikistan,2007,300.0,1.86,1860.0
Trinidad and Tobago,2007,600.0,1.11,1110.0
Tunisia,2007,60.0,0.998,998.0
Turkey,2007,60.0,1.54,1540.0
Tanzania,2007,120.0,,
Uganda,2007,74.0,,
Ukraine,2007,23.0,3.09,3090.0
Uruguay,2007,600.0,,
USA,2007,20.0,,
Uzbekistan,2007,300.0,2.62,2620.0
Venezuela,2007,2800.0,,
Vietnam,2007,13.0,0.647,647.0
Yemen,2007,1200.0,,
South Africa,2007,390.0,,
Zambia,2007,49.0,,
Zimbabwe,2007,130.0,0.0544,54.4
Afghanistan,2008,350.0,0.183,183.0
Angola,2008,12.0,,
Argentina,2008,3000.0,,
Armenia,2008,350.0,2.67,2670.0
Australia,2008,150.0,3.02,3020.0
Austria,2008,60.0,4.63,4630.0
Azerbaijan,2008,350.0,3.61,3610.0
Burundi,2008,15.0,,
Belgium,2008,60.0,2.92,2920.0
Benin,2008,3100.0,0.061,61.0
Burkina Faso,2008,8300.0,0.031,31.0
Bangladesh,2008,120.0,0.339,339.0
Bulgaria,2008,150.0,3.58,3580.0
Bahamas,2008,350.0,2.61,2610.0
Belarus,2008,600.0,,
Belize,2008,350.0,,
Bolivia,2008,2000.0,,
Brazil,2008,14.0,,
Barbados,2008,60.0,,
Bhutan,2008,60.0,0.248,248.0
Botswana,2008,7900.0,0.357,357.0
Central African Republic,2008,12.0,0.0405,40.5
Canada,2008,600.0,1.96,1960.0
Switzerland,2008,60.0,3.82,3820.0
China,2008,,1.35,1350.0
Cote d'Ivoire,2008,41.0,0.136,136.0
Cameroon,2008,37.0,,
"Congo, Rep.",2008,5000.0,,
Colombia,2008,9800.0,1.56,1560.0
Comoros,2008,60.0,,
Costa Rica,2008,350.0,2.14,2140.0
Cuba,2008,150.0,6.61,6610.0
Czech Republic,2008,60.0,3.56,3560.0
Germany,2008,600.0,3.58,3580.0
Djibouti,2008,1000.0,,
Denmark,2008,60.0,3.57,3570.0
Dominican Republic,2008,2700.0,1.09,1090.0
Algeria,2008,600.0,,
Ecuador,2008,2500.0,,
Egypt,2008,300.0,,
Eritrea,2008,1700.0,0.042,42.0
Spain,2008,1600.0,3.54,3540.0
Estonia,2008,300.0,3.34,3340.0
Finland,2008,60.0,3.74,3740.0
Fiji,2008,60.0,0.376,376.0
France,2008,1200.0,3.44,3440.0
Gabon,2008,2500.0,0.0968,96.8
UK,2008,350.0,2.57,2570.0
Georgia,2008,60.0,4.27,4270.0
Ghana,2008,19.0,0.076,76.0
Guinea,2008,5000.0,,
Gambia,2008,600.0,0.096,96.0
Guinea-Bissau,2008,1200.0,0.052,52.0
Equatorial Guinea,2008,600.0,,
Greece,2008,350.0,5.71,5710.0
Guatemala,2008,1800.0,,
Guyana,2008,350.0,,
Honduras,2008,3700.0,,
Croatia,2008,60.0,2.69,2690.0
Haiti,2008,7600.0,,
Hungary,2008,150.0,3.1,3100.0
Indonesia,2008,7100.0,,
India,2008,190.0,,
Ireland,2008,60.0,3.98,3980.0
Iran,2008,7300.0,,
Iceland,2008,60.0,3.64,3640.0
Israel,2008,60.0,3.52,3520.0
Italy,2008,600.0,3.76,3760.0
Jamaica,2008,2400.0,0.407,407.0
Japan,2008,150.0,2.15,2150.0
Kazakhstan,2008,1100.0,3.64,3640.0
Kenya,2008,91.0,0.169,169.0
Kyrgyz Republic,2008,150.0,2.31,2310.0
Cambodia,2008,2300.0,0.243,243.0
South Korea,2008,350.0,1.87,1870.0
Lao,2008,350.0,,
Lebanon,2008,150.0,,
Liberia,2008,3900.0,0.014,14.0
Sri Lanka,2008,350.0,0.615,615.0
Lesotho,2008,14.0,,
Lithuania,2008,60.0,3.85,3850.0
Luxembourg,2008,60.0,2.72,2720.0
Latvia,2008,350.0,3.27,3270.0
Morocco,2008,1200.0,,
Moldova,2008,1100.0,2.54,2540.0
Madagascar,2008,1700.0,0.181,181.0
Maldives,2008,60.0,,
Mexico,2008,5600.0,1.97,1970.0
Mali,2008,4700.0,0.064,64.0
Malta,2008,60.0,3.32,3320.0
Myanmar,2008,17.0,0.487,487.0
Mongolia,2008,60.0,2.88,2880.0
Mozambique,2008,73.0,,
Mauritania,2008,1100.0,,
Mauritius,2008,600.0,1.14,1140.0
Malawi,2008,62.0,0.019,19.0
Malaysia,2008,5600.0,0.907,907.0
Namibia,2008,8200.0,,
Niger,2008,4400.0,0.019,19.0
Nigeria,2008,220.0,0.371,371.0
Nicaragua,2008,150.0,0.646,646.0
Netherlands,2008,150.0,2.87,2870.0
Norway,2008,60.0,3.96,3960.0
Nepal,2008,4800.0,,
New Zealand,2008,60.0,2.46,2460.0
Oman,2008,60.0,1.96,1960.0
Pakistan,2008,5200.0,0.721,721.0
Panama,2008,1700.0,1.39,1390.0
Peru,2008,5100.0,,
Philippines,2008,120.0,1.25,1250.0
Papua New Guinea,2008,1800.0,0.047,47.0
Poland,2008,150.0,2.14,2140.0
Portugal,2008,350.0,3.75,3750.0
Qatar,2008,60.0,3.19,3190.0
Romania,2008,600.0,2.44,2440.0
Rwanda,2008,9600.0,0.052,52.0
Sudan,2008,5700.0,0.337,337.0
Senegal,2008,1800.0,0.062,62.0
Singapore,2008,60.0,1.62,1620.0
Sierra Leone,2008,2700.0,0.0155,15.5
El Salvador,2008,350.0,1.9,1900.0
Somalia,2008,3100.0,,
Serbia,2008,60.0,2.84,2840.0
South Sudan,2008,,,
Sao Tome and Principe,2008,60.0,,
Suriname,2008,350.0,,
Slovak Republic,2008,60.0,3.37,3370.0
Slovenia,2008,60.0,2.39,2390.0
Sweden,2008,60.0,3.68,3680.0
Eswatini,2008,8600.0,,
Chad,2008,13.0,,
Togo,2008,8300.0,0.056,56.0
Thailand,2008,28.0,0.313,313.0
Tajikistan,2008,300.0,1.9,1900.0
Trinidad and Tobago,2008,600.0,,
Tunisia,2008,60.0,1.08,1080.0
Turkey,2008,60.0,1.59,1590.0
Tanzania,2008,100.0,,
Uganda,2008,74.0,,
Ukraine,2008,23.0,3.12,3120.0
Uruguay,2008,600.0,3.96,3960.0
USA,2008,19.0,,
Uzbekistan,2008,300.0,2.6,2600.0
Venezuela,2008,3000.0,,
Vietnam,2008,14.0,0.67,670.0
Yemen,2008,1300.0,0.296,296.0
South Africa,2008,380.0,,
Zambia,2008,42.0,0.062,62.0
Zimbabwe,2008,110.0,0.0596,59.6
Afghanistan,2009,350.0,0.22,220.0
Angola,2009,11.0,0.131,131.0
Argentina,2009,2900.0,,
Armenia,2009,350.0,2.7,2700.0
Australia,2009,150.0,3.12,3120.0
Austria,2009,60.0,4.72,4720.0
Azerbaijan,2009,350.0,3.6,3600.0
Burundi,2009,15.0,,
Belgium,2009,60.0,2.92,2920.0
Benin,2009,2700.0,,
Burkina Faso,2009,7100.0,0.043,43.0
Bangladesh,2009,120.0,0.353,353.0
Bulgaria,2009,350.0,3.66,3660.0
Bahamas,2009,350.0,,
Belarus,2009,1000.0,,
Belize,2009,350.0,0.767,767.0
Bolivia,2009,1900.0,,
Brazil,2009,14.0,,
Barbados,2009,60.0,,
Bhutan,2009,60.0,,
Botswana,2009,5800.0,0.338,338.0
Central African Republic,2009,11.0,0.045,45.0
Canada,2009,350.0,,
Switzerland,2009,60.0,3.84,3840.0
China,2009,26.0,1.42,1420.0
Cote d'Ivoire,2009,36.0,,
Cameroon,2009,37.0,0.07,70.0
"Congo, Rep.",2009,5100.0,,
Colombia,2009,11.0,1.62,1620.0
Comoros,2009,60.0,0.199,199.0
Costa Rica,2009,350.0,2.2,2200.0
Cuba,2009,150.0,6.64,6640.0
Czech Republic,2009,60.0,3.58,3580.0
Germany,2009,600.0,3.65,3650.0
Djibouti,2009,1000.0,,
Denmark,2009,60.0,3.65,3650.0
Dominican Republic,2009,2200.0,,
Algeria,2009,600.0,,
Ecuador,2009,2300.0,1.6,1600.0
Egypt,2009,300.0,,
Eritrea,2009,1700.0,0.042,42.0
Spain,2009,1600.0,3.6,3600.0
Estonia,2009,300.0,3.28,3280.0
Finland,2009,60.0,3.77,3770.0
Fiji,2009,60.0,0.413,413.0
France,2009,1300.0,3.39,3390.0
Gabon,2009,2400.0,,
UK,2009,350.0,2.65,2650.0
Georgia,2009,60.0,4.51,4510.0
Ghana,2009,18.0,0.082,82.0
Guinea,2009,4700.0,,
Gambia,2009,600.0,,
Guinea-Bissau,2009,1200.0,0.081,81.0
Equatorial Guinea,2009,600.0,,
Greece,2009,350.0,5.82,5820.0
Guatemala,2009,1700.0,0.908,908.0
Guyana,2009,350.0,0.214,214.0
Honduras,2009,3400.0,,
Croatia,2009,60.0,2.7,2700.0
Haiti,2009,6600.0,,
Hungary,2009,150.0,3.02,3020.0
Indonesia,2009,9400.0,0.143,143.0
India,2009,170.0,,
Ireland,2009,60.0,4.03,4030.0000000000005
Iran,2009,7700.0,,
Iceland,2009,60.0,3.65,3650.0
Israel,2009,60.0,3.53,3530.0
Italy,2009,600.0,3.76,3760.0
Jamaica,2009,2100.0,,
Japan,2009,150.0,,
Kazakhstan,2009,1100.0,3.7,3700.0
Kenya,2009,80.0,0.171,171.0
Kyrgyz Republic,2009,350.0,2.31,2310.0
Cambodia,2009,1800.0,0.237,237.0
South Korea,2009,350.0,1.95,1950.0
Lao,2009,350.0,0.197,197.0
Lebanon,2009,150.0,,
Liberia,2009,3600.0,0.023,23.0
Sri Lanka,2009,350.0,0.671,671.0
Lesotho,2009,14.0,,
Lithuania,2009,60.0,3.83,3830.0
Luxembourg,2009,60.0,2.71,2710.0
Latvia,2009,350.0,3.18,3180.0
Morocco,2009,1200.0,0.645,645.0
Moldova,2009,1100.0,2.61,2610.0
Madagascar,2009,1700.0,0.177,177.0
Maldives,2009,60.0,1.51,1510.0
Mexico,2009,5200.0,2.0,2000.0
Mali,2009,4400.0,0.119,119.0
Malta,2009,60.0,1.9,1900.0
Myanmar,2009,17.0,0.501,501.0
Mongolia,2009,60.0,2.68,2680.0
Mozambique,2009,74.0,0.046,46.0
Mauritania,2009,1200.0,0.134,134.0
Mauritius,2009,600.0,1.15,1150.0
Malawi,2009,55.0,0.019,19.0
Malaysia,2009,5800.0,1.08,1080.0
Namibia,2009,6600.0,,
Niger,2009,4500.0,0.027,27.0
Nigeria,2009,210.0,0.373,373.0
Nicaragua,2009,350.0,0.7,700.0
Netherlands,2009,150.0,2.92,2920.0
Norway,2009,60.0,4.05,4050.0
Nepal,2009,4700.0,,
New Zealand,2009,60.0,2.58,2580.0
Oman,2009,60.0,2.06,2060.0
Pakistan,2009,5800.0,0.734,734.0
Panama,2009,1500.0,1.32,1320.0
Peru,2009,4100.0,0.94,940.0
Philippines,2009,120.0,1.26,1260.0
Papua New Guinea,2009,1400.0,,
Poland,2009,150.0,2.15,2150.0
Portugal,2009,350.0,3.85,3850.0
Qatar,2009,60.0,3.18,3180.0
Romania,2009,600.0,2.46,2460.0
Rwanda,2009,8500.0,0.055,55.0
Sudan,2009,5700.0,,
Senegal,2009,2000.0,,
Singapore,2009,60.0,1.66,1660.0
Sierra Leone,2009,2800.0,,
El Salvador,2009,350.0,,
Somalia,2009,3100.0,,
Serbia,2009,60.0,2.87,2870.0
South Sudan,2009,,,
Sao Tome and Principe,2009,60.0,,
Suriname,2009,350.0,0.683,683.0
Slovak Republic,2009,60.0,3.3,3300.0
Slovenia,2009,60.0,2.4,2400.0
Sweden,2009,60.0,3.75,3750.0
Eswatini,2009,8100.0,0.158,158.0
Chad,2009,11.0,,
Togo,2009,7700.0,,
Thailand,2009,28.0,0.334,334.0
Tajikistan,2009,300.0,1.62,1620.0
Trinidad and Tobago,2009,600.0,1.42,1420.0
Tunisia,2009,60.0,,
Turkey,2009,120.0,1.64,1640.0
Tanzania,2009,96.0,,
Uganda,2009,69.0,,
Ukraine,2009,23.0,3.5,3500.0
Uruguay,2009,600.0,,
USA,2009,19.0,,
Uzbekistan,2009,300.0,2.56,2560.0
Venezuela,2009,3200.0,,
Vietnam,2009,14.0,0.703,703.0
Yemen,2009,1400.0,0.297,297.0
South Africa,2009,340.0,,
Zambia,2009,45.0,0.06,60.0
Zimbabwe,2009,98.0,0.12,120.0
Afghanistan,2010,350.0,0.245,245.0
Angola,2010,,,
Argentina,2010,,,
Armenia,2010,350.0,2.77,2770.0
Australia,2010,150.0,3.36,3360.0
Austria,2010,60.0,4.83,4830.0
Azerbaijan,2010,350.0,3.58,3580.0
Burundi,2010,,0.046,46.0
Belgium,2010,60.0,2.92,2920.0
Benin,2010,,0.054,54.0
Burkina Faso,2010,,0.044,44.0
Bangladesh,2010,,0.362,362.0
Bulgaria,2010,350.0,3.68,3680.0
Bahamas,2010,350.0,,
Belarus,2010,,,
Belize,2010,350.0,,
Bolivia,2010,1700.0,0.431,431.0
Brazil,2010,15.0,,
Barbados,2010,60.0,,
Bhutan,2010,60.0,,
Botswana,2010,,0.392,392.0
Central African Republic,2010,,,
Canada,2010,350.0,2.04,2040.0
Switzerland,2010,60.0,3.81,3810.0
China,2010,,1.46,1460.0
Cote d'Ivoire,2010,,,
Cameroon,2010,,0.086,86.0
"Congo, Rep.",2010,,0.111,111.0
Colombia,2010,11.0,1.66,1660.0
Comoros,2010,,,
Costa Rica,2010,350.0,2.28,2280.0
Cuba,2010,150.0,6.78,6780.0
Czech Republic,2010,,3.6,3600.0
Germany,2010,,3.73,3730.0
Djibouti,2010,,,
Denmark,2010,,3.72,3720.0
Dominican Republic,2010,2000.0,,
Algeria,2010,,,
Ecuador,2010,2100.0,2.11,2110.0
Egypt,2010,,,
Eritrea,2010,,0.041,41.0
Spain,2010,,3.76,3760.0
Estonia,2010,,3.24,3240.0
Finland,2010,,3.44,3440.0
Fiji,2010,60.0,,
France,2010,1300.0,3.4,3400.0
Gabon,2010,,,
UK,2010,350.0,2.66,2660.0
Georgia,2010,150.0,4.75,4750.0
Ghana,2010,,0.091,91.0
Guinea,2010,,,
Gambia,2010,,,
Guinea-Bissau,2010,,,
Equatorial Guinea,2010,,,
Greece,2010,150.0,5.8,5800.0
Guatemala,2010,2100.0,,
Guyana,2010,350.0,0.689,689.0
Honduras,2010,3000.0,0.29,290.0
Croatia,2010,60.0,2.82,2820.0
Haiti,2010,5900.0,,
Hungary,2010,150.0,2.87,2870.0
Indonesia,2010,12.0,0.138,138.0
India,2010,,,
Ireland,2010,60.0,4.16,4160.0
Iran,2010,8000.0,,
Iceland,2010,60.0,3.59,3590.0
Israel,2010,60.0,3.52,3520.0
Italy,2010,600.0,3.78,3780.0
Jamaica,2010,1800.0,,
Japan,2010,150.0,2.21,2210.0
Kazakhstan,2010,1200.0,3.84,3840.0
Kenya,2010,,0.172,172.0
Kyrgyz Republic,2010,350.0,2.31,2310.0
Cambodia,2010,1500.0,0.229,229.0
South Korea,2010,350.0,2.01,2009.9999999999998
Lao,2010,350.0,0.332,332.0
Lebanon,2010,150.0,2.32,2320.0
Liberia,2010,,0.022,22.0
Sri Lanka,2010,350.0,0.71,710.0
Lesotho,2010,,0.068,68.0
Lithuania,2010,60.0,3.9,3900.0
Luxembourg,2010,60.0,2.77,2770.0
Latvia,2010,600.0,3.1,3100.0
Morocco,2010,,,
Moldova,2010,1000.0,2.65,2650.0
Madagascar,2010,,0.19,190.0
Maldives,2010,60.0,1.45,1450.0
Mexico,2010,5000.0,2.03,2029.9999999999998
Mali,2010,,0.099,99.0
Malta,2010,60.0,2.13,2130.0
Myanmar,2010,17.0,0.535,535.0
Mongolia,2010,60.0,2.77,2770.0
Mozambique,2010,,0.05,50.0
Mauritania,2010,1300.0,0.16,160.0
Mauritius,2010,600.0,1.17,1170.0
Malawi,2010,49.0,,
Malaysia,2010,,1.15,1150.0
Namibia,2010,5700.0,,
Niger,2010,4000.0,,
Nigeria,2010,210.0,,
Nicaragua,2010,350.0,0.724,724.0
Netherlands,2010,150.0,2.96,2960.0
Norway,2010,60.0,4.11,4110.0
Nepal,2010,,,
New Zealand,2010,60.0,2.63,2630.0
Oman,2010,,2.03,2029.9999999999998
Pakistan,2010,,0.745,745.0
Panama,2010,1300.0,1.41,1410.0
Peru,2010,3500.0,,
Philippines,2010,,1.26,1260.0
Papua New Guinea,2010,1200.0,0.05,50.0
Poland,2010,150.0,2.16,2160.0
Portugal,2010,350.0,3.98,3980.0
Qatar,2010,,4.04,4040.0
Romania,2010,600.0,2.5,2500.0
Rwanda,2010,7300.0,0.055,55.0
Sudan,2010,5600.0,,
Senegal,2010,1800.0,,
Singapore,2010,,1.75,1750.0
Sierra Leone,2010,2700.0,0.021,21.0
El Salvador,2010,350.0,,
Somalia,2010,3100.0,,
Serbia,2010,150.0,2.92,2920.0
South Sudan,2010,,,
Sao Tome and Principe,2010,60.0,,
Suriname,2010,350.0,,
Slovak Republic,2010,60.0,3.36,3360.0
Slovenia,2010,60.0,2.42,2420.0
Sweden,2010,60.0,3.81,3810.0
Eswatini,2010,7800.0,,
Chad,2010,,,
Togo,2010,,0.0506,50.6
Thailand,2010,,0.384,384.0
Tajikistan,2010,,1.68,1680.0
Trinidad and Tobago,2010,600.0,1.7,1700.0
Tunisia,2010,60.0,1.19,1190.0
Turkey,2010,,1.69,1690.0
Tanzania,2010,91.0,,
Uganda,2010,66.0,,
Ukraine,2010,23.0,3.49,3490.0
Uruguay,2010,600.0,,
USA,2010,20.0,,
Uzbekistan,2010,,2.54,2540.0
Venezuela,2010,3100.0,,
Vietnam,2010,,0.715,715.0
Yemen,2010,1500.0,,
South Africa,2010,300.0,,
Zambia,2010,,0.061,61.0
Zimbabwe,2010,78.0,0.126,126.0
Afghanistan,2011,350.0,0.259,259.0
Angola,2011,,,
Argentina,2011,,,
Armenia,2011,350.0,2.82,2820.0
Australia,2011,150.0,3.31,3310.0
Austria,2011,60.0,4.88,4880.0
Azerbaijan,2011,350.0,3.36,3360.0
Burundi,2011,,0.038,38.0
Belgium,2011,60.0,2.94,2940.0
Benin,2011,,0.056,56.0
Burkina Faso,2011,,0.037,37.0
Bangladesh,2011,,0.382,382.0
Bulgaria,2011,350.0,3.76,3760.0
Bahamas,2011,350.0,2.2,2200.0
Belarus,2011,,4.62,4620.0
Belize,2011,350.0,,
Bolivia,2011,1600.0,0.459,459.0
Brazil,2011,15.0,1.84,1840.0
Barbados,2011,60.0,,
Bhutan,2011,60.0,,
Botswana,2011,,0.384,384.0
Central African Republic,2011,,,
Canada,2011,350.0,,
Switzerland,2011,60.0,3.83,3830.0
China,2011,,1.49,1490.0
Cote d'Ivoire,2011,,0.149,149.0
Cameroon,2011,,0.09,90.0
"Congo, Rep.",2011,,0.158,158.0
Colombia,2011,9700.0,1.73,1730.0
Comoros,2011,,,
Costa Rica,2011,350.0,2.35,2350.0
Cuba,2011,150.0,6.96,6960.0
Czech Republic,2011,,3.64,3640.0
Germany,2011,,3.82,3820.0
Djibouti,2011,,,
Denmark,2011,,3.79,3790.0
Dominican Republic,2011,1700.0,1.51,1510.0
Algeria,2011,,,
Ecuador,2011,2000.0,1.66,1660.0
Egypt,2011,,,
Eritrea,2011,,0.042,42.0
Spain,2011,,3.84,3840.0
Estonia,2011,,3.29,3290.0
Finland,2011,,3.54,3540.0
Fiji,2011,60.0,,
France,2011,1300.0,3.17,3170.0
Gabon,2011,,,
UK,2011,350.0,2.69,2690.0
Georgia,2011,150.0,4.81,4810.0
Ghana,2011,,0.095,95.0
Guinea,2011,,,
Gambia,2011,,,
Guinea-Bissau,2011,,0.062,62.0
Equatorial Guinea,2011,,,
Greece,2011,150.0,5.83,5830.0
Guatemala,2011,2500.0,,
Guyana,2011,350.0,,
Honduras,2011,2800.0,,
Croatia,2011,60.0,2.87,2870.0
Haiti,2011,5800.0,0.14,140.0
Hungary,2011,60.0,2.96,2960.0
Indonesia,2011,15.0,,
India,2011,,,
Ireland,2011,60.0,4.14,4140.0
Iran,2011,8300.0,,
Iceland,2011,60.0,3.5,3500.0
Israel,2011,60.0,3.52,3520.0
Italy,2011,600.0,3.86,3860.0
Jamaica,2011,1600.0,,
Japan,2011,150.0,,
Kazakhstan,2011,1200.0,3.86,3860.0
Kenya,2011,,0.177,177.0
Kyrgyz Republic,2011,350.0,2.27,2270.0
Cambodia,2011,1400.0,0.226,226.0
South Korea,2011,350.0,2.06,2060.0
Lao,2011,350.0,,
Lebanon,2011,150.0,2.7,2700.0
Liberia,2011,,,
Sri Lanka,2011,350.0,0.723,723.0
Lesotho,2011,,,
Lithuania,2011,60.0,4.0,4000.0
Luxembourg,2011,60.0,2.77,2770.0
Latvia,2011,600.0,3.11,3110.0
Morocco,2011,,,
Moldova,2011,1000.0,2.74,2740.0
Madagascar,2011,,0.14,140.0
Maldives,2011,60.0,,
Mexico,2011,4900.0,2.13,2130.0
Mali,2011,,0.114,114.0
Malta,2011,60.0,2.21,2210.0
Myanmar,2011,16.0,0.564,564.0
Mongolia,2011,60.0,2.9,2900.0
Mozambique,2011,,0.053,53.0
Mauritania,2011,1500.0,,
Mauritius,2011,600.0,1.41,1410.0
Malawi,2011,44.0,,
Malaysia,2011,,1.25,1250.0
Namibia,2011,5200.0,,
Niger,2011,4000.0,,
Nigeria,2011,210.0,,
Nicaragua,2011,350.0,0.808,808.0
Netherlands,2011,150.0,3.13,3130.0
Norway,2011,60.0,4.19,4190.0
Nepal,2011,,,
New Zealand,2011,60.0,2.65,2650.0
Oman,2011,,1.97,1970.0
Pakistan,2011,,0.767,767.0
Panama,2011,1200.0,1.5,1500.0
Peru,2011,3000.0,,
Philippines,2011,,,
Papua New Guinea,2011,1100.0,,
Poland,2011,150.0,2.18,2180.0
Portugal,2011,350.0,4.12,4120.0
Qatar,2011,,,
Romania,2011,350.0,2.53,2530.0
Rwanda,2011,6400.0,0.0129,12.9
Sudan,2011,5600.0,,
Senegal,2011,1600.0,,
Singapore,2011,,1.83,1830.0
Sierra Leone,2011,2600.0,0.025,25.0
El Salvador,2011,350.0,,
Somalia,2011,3100.0,,
Serbia,2011,150.0,2.94,2940.0
South Sudan,2011,11.0,,
Sao Tome and Principe,2011,60.0,,
Suriname,2011,350.0,,
Slovak Republic,2011,60.0,3.3,3300.0
Slovenia,2011,60.0,2.48,2480.0
Sweden,2011,60.0,3.88,3880.0
Eswatini,2011,6800.0,0.099,99.0
Chad,2011,,,
Togo,2011,,,
Thailand,2011,,,
Tajikistan,2011,,1.7,1700.0
Trinidad and Tobago,2011,600.0,1.71,1710.0
Tunisia,2011,60.0,,
Turkey,2011,,1.7,1700.0
Tanzania,2011,84.0,,
Uganda,2011,62.0,,
Ukraine,2011,22.0,3.49,3490.0
Uruguay,2011,600.0,,
USA,2011,20.0,,
Uzbekistan,2011,,2.5,2500.0
Venezuela,2011,2900.0,,
Vietnam,2011,,,
Yemen,2011,1600.0,,
South Africa,2011,270.0,,
Zambia,2011,,,
Zimbabwe,2011,58.0,0.081,81.0
